x,split,true_hidden_structure,baseline_residual,learned_residual
0.0,train,0.9279999999999999,0.18821709803091813,0.38916854488564934
0.017167381974248927,train,0.9457056175542198,0.2504711863144582,0.35716278170935545
0.034334763948497854,train,0.9624511542087897,0.15167064282591358,0.3282883245945712
0.05150214592274678,train,0.9782228533923634,0.20423240016196775,0.3023960761541252
0.06866952789699571,train,0.9930102163660057,0.02933807177916936,0.2793407267658172
0.08583690987124463,train,1.006805990493052,-0.19297240610438937,0.2589807091928318
0.10300429184549356,train,1.019606146574301,0.3418464911423853,0.24117815305735552
0.12017167381974249,train,1.0314098453660818,0.1467508135010318,0.22579883918044377
0.13733905579399142,train,1.0422193934354285,0.38812629922377484,0.21271215380100872
0.15450643776824036,train,1.0520401885427633,0.4977710376355273,0.20179104268662823
0.17167381974248927,train,1.0608806547779304,0.33790728219749777,0.19291196514870446
0.18884120171673818,train,1.0687521677100922,0.39776734000150116,0.18595484797433096
0.20600858369098712,train,1.075668969845743,0.09519832840147391,0.18080303928705513
0.22317596566523606,train,1.081648076721787,0.5131588095536523,0.177343262348558
0.24034334763948498,train,1.086709173992196,0.06117571351562656,0.17546556931310087
0.2575107296137339,train,1.09087450589705,0.29380515095112925,0.17506329494642378
0.27467811158798283,train,1.0941687555317263,0.20709862615019947,0.17603301032061489
0.2918454935622318,train,1.0966189173614826,0.39807891070167356,0.17827447649630027
0.3090128755364807,train,1.0982541624526143,0.3757369920789406,0.18169059820334618
0.3261802575107296,train,1.0991056969156947,0.12246061122522,0.18618737753109196
0.34334763948497854,train,1.099206614078968,0.29418680948312437,0.19167386763897878
0.3605150214592275,train,1.0985917409307753,0.15437359413416107,0.19806212649827037
0.37768240343347637,train,1.0972974793888075,0.293418448181368,0.20526717067540093
0.3948497854077253,train,1.095361642970985,0.46677961215484887,0.21320692916732864
0.41201716738197425,train,1.0928232894577667,0.1293594629113346,0.2218021972991106
0.4291845493562232,train,1.0897225501486707,0.706796746387675,0.23097659069375234
0.44635193133047213,train,1.0861004563266652,0.3150404527289088,0.24065649932423905
0.463519313304721,train,1.0819987635528894,0.5244582529192261,0.25077104165747716
0.48068669527896996,train,1.077459774420758,0.8058501969241063,0.26125201889974503
0.4978540772532189,train,1.0725261604029899,0.10093118813090163,0.27203386935306867
0.5150214592274678,train,1.0672407834273558,0.3104596670191069,0.28305362289180985
0.5321888412017167,train,1.0616465178170413,0.338350144544028,0.29425085556856884
0.5493562231759657,train,1.055786073229405,0.22168771902892415,0.3055676443583888
0.5665236051502146,train,1.0497018192226264,0.5856037272288681,0.31694852205005725
0.5836909871244635,train,1.0434356120732948,0.34765512040058955,0.3283404322931768
0.6008583690987125,train,1.0370286244593783,0.6079428152719588,0.3396926848095167
0.6180257510729614,train,1.0305211786123127,0.27402578522008936,0.3509569107769976
0.6351931330472103,train,1.0239525835291574,0.43340358833392534,0.3620870183945355
0.6523605150214592,train,1.017360976820946,0.28622580099309225,0.37303914863579213
0.6695278969957081,train,1.0107831717565643,0.28493494162313837,0.3837716311997575
0.6866952789699571,train,1.0042545100427551,0.39829978488060425,0.39424494066593685
0.703862660944206,train,0.9978087208602817,0.45746527686335803,0.40442165286175175
0.721030042918455,train,0.9914777866539024,0.19559051261470328,0.41426640144964644
0.7381974248927039,train,0.9852918161497376,0.19415520923337493,0.4237458347412221
0.7553648068669527,train,0.9792789250479028,0.2239948615616365,0.43282857274559805
0.7725321888412017,train,0.9734651248110399,0.31220693882746575,0.4414851644590416
0.7896995708154506,train,0.9678742199406876,0.0813373536511115,0.44968804540276597
0.8068669527896996,train,0.9625277141034023,0.2838842331512077,0.4574114954156849
0.8240343347639485,train,0.9574447254372567,0.5332140913005774,0.4646315967087017
0.8412017167381974,train,0.9526419113369378,0.08632825309329561,0.4713261921870678
0.8583690987124464,train,0.9481334029822261,0.2806309361219719,0.477474844047128
0.8755364806866953,train,0.943930749840288,0.6411681899108714,0.48305879265365803
0.8927038626609443,train,0.9400428743370851,0.21573704290459794,0.48806091570387616
0.9098712446351931,train,0.9364760368573886,0.15775482322299172,0.49246568768406707
0.927038626609442,train,0.9332338111965344,0.3692806548970715,0.49625913962459134
0.944206008583691,train,0.9303170705502799,0.31905690600463954,0.4994288191589822
0.9613733905579399,train,0.9277239840920419,0.47346219236544584,0.5019637508926328
0.9785407725321889,train,0.9254500241495589,0.0336861283720471,0.5038543970864706
0.9957081545064378,train,0.9234879839557324,0.33045180851527967,0.5050926186609167
1.0128755364806867,train,0.921828005911201,0.3401962983858011,0.5056716365252132
1.0300429184549356,train,0.9204576202592254,0.30585791037075394,0.5055859932371698
1.0472103004291846,train,0.9193617940368097,0.1950531816261316,0.5048315149981815
1.0643776824034334,train,0.9185229901298163,0.36181886229236015,0.50340527398826
1.0815450643776825,train,0.9179212362242468,0.5435320918065898,0.5013055510456969
1.0987124463519313,train,0.9175342034109837,0.34421370417773733,0.4985317986958739
1.1158798283261802,train,0.9173372941672653,0.3607865723875494,0.4950846045335326
1.1330472103004292,train,0.91730373940506,0.4009582140051067,0.4909656549627923
1.150214592274678,train,0.9174047042444999,0.29537869038510056,0.48617769929901256
1.167381974248927,train,0.9176094021396777,0.21803525209112218,0.48072451423645496
1.184549356223176,train,0.9178852169545384,0.3981182616144081,0.474610868685676
1.201716738197425,train,0.9181978325584168,0.6115243828649302,0.4678424889843289
1.2188841201716738,train,0.9185113694840581,0.46447023145864286,0.4604260244850581
1.2360515021459229,train,0.9187885281658232,0.30793265912273116,0.45236901352391795
1.2532188841201717,train,0.9189907382522973,0.5656904125410684,0.44367984977275965
1.2703862660944205,train,0.9190783134657771,0.5207322139234307,0.4343677489788289
1.2875536480686696,train,0.9190106114611852,0.5763021613033232,0.4244427160946806
1.3047210300429184,train,0.9187461981189042,0.02051832464813108,0.4139155128015177
1.3218884120171674,train,0.9182430156899235,0.40127302666318565,0.4027976254287613
1.3390557939914163,train,0.9174585541975915,0.6900811786635428,0.39110123327275537
1.3562231759656653,train,0.9163500254881931,0.6781426432270021,0.37883917731719063
1.3733905579399142,train,0.9148745393126264,0.35450006338657447,0.36602492935786235
1.390557939914163,train,0.9129892808135969,0.2598202175512303,0.3526725615342482
1.407725321888412,train,0.9106516887870668,0.218073935092999,0.33879671627008934
1.4248927038626609,train,0.9078196340831799,0.35624596237457773,0.32441257662545664
1.44206008583691,train,0.9044515975105497,0.3493724733198946,0.3095358370621743
1.4592274678111588,train,0.9005068466086695,0.4407979994595306,0.29418267462475634
1.4763948497854078,train,0.8959456106562371,0.32568295727923413,0.2783697205386324
1.4935622317596566,train,0.8907292532884332,0.2394004899822333,0.2621140322276852
1.5107296137339055,train,0.8848204421035669,0.3104667605909941,0.24543306575240253
1.5278969957081545,train,0.8781833146490445,0.3129193480591925,0.22834464867062637
1.5450643776824033,train,0.8707836401882356,0.25455742012721005,0.21086695332204877
1.5622317596566524,train,0.8625889766635237,0.08096694668834203,0.19301847053801208
1.5793991416309012,train,0.8535688222865386,0.29661465186670055,0.17481798377778326
1.5965665236051503,train,0.8436947612042605,0.22376240393659375,0.15628454369245084
1.613733905579399,train,0.8329406027092778,0.2548042502522567,0.13743744311756884
1.6309012875536482,train,0.8212825134839158,0.12293051117764087,0.11829619249542744
1.648068669527897,train,0.8086991423911636,0.4036713718096885,0.09888049572782298
1.6652360515021458,train,0.7951717373502096,0.3540590174246314,0.07921022646009535
1.6824034334763949,train,0.7806842538609143,-0.1582059799666813,0.059305404797010075
1.6995708154506437,train,0.7652234547695485,0.4355743960316132,0.039186174451172895
1.7167381974248928,train,0.7487790008975701,0.2654217353768269,0.018872780324276417
1.7339055793991416,train,0.7313435321859798,0.3102314381410358,-0.001614453478387956
1.7510729613733906,train,0.7129127390397489,0.32458084047378755,-0.022255145199831572
1.7682403433476395,train,0.6934854235899205,0.3314870387872584,-0.043028876549745354
1.7854077253218885,train,0.6730635506250449,-0.03237530440284164,-0.06391521338888828
1.8025751072961373,train,0.6516522879785813,0.43573835548185436,-0.08489372598006334
1.8197424892703862,train,0.6292600361946001,0.017584194668545106,-0.10594400880514204
1.8369098712446352,train,0.6058984473305027,0.0635135234080324,-0.12704569994901038
1.854077253218884,train,0.5815824327923236,0.24132828951810925,-0.14817850005015865
1.871244635193133,train,0.5563301601354563,-0.2261380824773389,-0.1693221908187872
1.888412017167382,train,0.5301630388011762,0.3087692180857844,-0.1904566531224775
1.905579399141631,train,0.503105694796979,-0.08405189629278054,-0.21156188464037395
1.9227467811158798,train,0.4751859343664418,-0.08920113139573971,-0.2326180170863258
1.9399141630901287,train,0.44643469673184655,0.4177877891844255,-0.25360533300168064
1.9570815450643777,train,0.41688599603011595,-0.3345057927285957,-0.27450428211888056
1.9742489270386265,train,0.38657685259952856,-0.40259525535240037,-0.2952954972962579
1.9914163090128756,train,0.3555472138111,-0.03813253724724275,-0.31595981002562534
2.0085836909871246,train,0.32383986467432313,-0.31968724928364667,-0.3364782655132368
2.0257510729613735,train,0.2915003284819872,-0.3377790157106926,-0.3568321373356481
2.0429184549356223,train,0.2585767577929955,-0.23202151365292156,-0.3770029416715006
2.060085836909871,train,0.22511981608528203,-0.1721415661100032,-0.39697245111068125
2.07725321888412,train,0.19118255044302646,-0.3012890527998118,-0.4167227080422815
2.0944206008583692,train,0.1568202556732599,-0.18952907539943142,-0.4362360376226466
2.111587982832618,train,0.12209033027653068,-0.570760646010473,-0.45549506032546083
2.128755364806867,train,0.08705212472444915,-0.10859729921334571,-0.47448270407521376
2.1459227467811157,train,0.051766782523606475,-0.7142501904812351,-0.49318221596582557
2.163090128755365,train,0.01629707457038787,-0.3973404181924791,-0.5115771735663022
2.180257510729614,train,-0.01929277267541113,-0.13735728430007788,-0.5296514958153767
2.1974248927038627,train,-0.05493725464869281,-0.5826361078078204,-0.5473894535068604
2.2145922746781115,train,-0.09056977119961557,-0.3445318419062162,-0.5647756793679694
2.2317596566523603,train,-0.12612281358952854,-0.7446941816188457,-0.5817951777325453
2.2489270386266096,train,-0.16152815535929788,-0.8328623506680568,-0.5984333338115964
2.2660944206008584,train,-0.19671704645320492,-0.9510987443985939,-0.614675922563033
2.2832618025751072,train,-0.23162040996982255,-0.7451269647013379,-0.6305091171632208
2.300429184549356,train,-0.26616904090158333,-0.3910701138188277,-0.6459194970828516
2.3175965665236054,train,-0.3002938062172676,-0.657639467299743,-0.6608940557688742
2.334763948497854,train,-0.33392584563626715,-0.6211485713715459,-0.6754202079361648
2.351931330472103,train,-0.3669967724403479,-0.2386637865685457,-0.6894857964704016
2.369098712446352,train,-0.3994388736676596,-0.7664036208925817,-0.7030790989454855
2.3862660944206007,train,-0.4311853090350233,-0.8870766922047784,-0.7161888337581362
2.40343347639485,train,-0.46217030793796016,-0.8235826690412602,-0.7288041658820922
2.4206008583690988,train,-0.4923293638836088,-0.7163097496415527,-0.7409147122454188
2.4377682403433476,train,-0.5215994257194758,-0.9157482386546727,-0.75251054673309
2.4549356223175964,train,-0.5499190850309611,-0.8871087207654171,-0.7635822048185604
2.4721030042918457,train,-0.577228759092671,-1.0208006710336077,-0.7741206878266548
2.4892703862660945,train,-0.6034708687727205,-1.0102512159642232,-0.7841174668316909
2.5064377682403434,train,-0.6285900108054017,-0.7523585820252898,-0.7935644861930916
2.523605150214592,train,-0.6525331238657537,-1.1235933286412108,-0.8024541667325621
2.540772532188841,train,-0.6752496478996804,-1.003180493693649,-0.810779408555525
2.5579399141630903,train,-0.6966916761851398,-1.1067992395157509,-0.8185335935204557
2.575107296137339,train,-0.7168140996236615,-1.0594853388026517,-0.8257105873594931
2.592274678111588,train,-0.7355747427868088,-1.27264377220687,-0.8323047414534183
2.609442060085837,train,-0.7529344912691925,-1.0916263724600377,-0.8383108942652607
2.6266094420600856,train,-0.7688574099281676,-1.1450017366003427,-0.8437243724354485
2.643776824034335,train,-0.7833108516202336,-0.9855487358970811,-0.8485409915420815
2.6609442060085837,train,-0.7962655560754314,-1.2156138693271745,-0.8527570565306161
2.6781115879828326,train,-0.8076957385834562,-0.9850856542856548,-0.856369361816436
2.6952789699570814,train,-0.8175791681987747,-0.9234683060210633,-0.8593751910631705
2.7124463519313307,train,-0.8258972352065672,-1.1141284867696175,-0.8617723166425689
2.7296137339055795,train,-0.8326350076267375,-1.1643312419019396,-0.8635589987774185
2.7467811158798283,train,-0.8377812765694017,-1.1444143721055564,-0.8647339843736707
2.763948497854077,train,-0.8413285902920564,-1.0397297656884166,-0.8652965055439051
2.781115879828326,train,-0.8432732768459401,-1.2111230464473892,-0.8652462778277407
2.7982832618025753,train,-0.8436154552367832,-0.9720787934247967,-0.8645834981116284
2.815450643776824,train,-0.842359035063081,-0.989938212969447,-0.863308842253666
2.832618025751073,train,-0.8395117046330804,-1.1580728648032745,-0.861423462416853
2.8497854077253217,train,-0.8350849075997373,-1.2471627172867765,-0.8589289841146542
2.866952789699571,train,-0.8290938081908206,-0.9309695461369909,-0.8558275029738259
2.88412017167382,train,-0.8215572451490072,-1.3241403413784405,-0.8521215812186057
2.9012875536480687,train,-0.812497674534086,-1.249748286572983,-0.8478142438801598
2.9184549356223175,train,-0.8019411015761494,-1.3370145192883949,-0.8429089747362325
2.9356223175965663,train,-0.7899170018047879,-1.2118840714960228,-0.8374097119850964
2.9527896995708156,train,-0.7764582317146411,-0.8993854572562467,-0.831320843658106
2.9699570815450644,train,-0.7616009292621768,-0.9881302173048376,-0.8246472027759341
2.9871244635193133,train,-0.7453844045220208,-1.029651149919712,-0.8173940622524244
3.004291845493562,train,-0.7278510208635718,-0.9593102746322462,-0.8095671295504118
3.021459227467811,train,-0.7090460670397736,-0.7899988508300884,-0.8011725410955793
3.03862660944206,train,-0.6890176206097555,-1.0779932167390442,-0.7922168564507704
3.055793991416309,train,-0.6678164031454836,-0.8925846005187594,-0.7827070522572851
3.072961373390558,train,-0.6454956276994138,-0.8612515817885535,-0.7726505159468807
3.0901287553648067,train,-0.6221108390354767,-0.9606971754721343,-0.7620550392297575
3.107296137339056,train,-0.5977197471492466,-1.0443984677804727,-0.7509288113626421
3.124463519313305,train,-0.5723820546250098,-1.130854809935339,-0.7392804122023594
3.1416309012875536,train,-0.5461592783973642,-1.0914442019218265,-0.7271188050494474
3.1587982832618025,train,-0.5191145665030501,-0.9055096520985613,-0.7144533292870884
3.1759656652360513,train,-0.4913125104247812,-0.6597101749311594,-0.7012936928188794
3.1931330472103006,train,-0.4628189536428532,-0.6735877726816559,-0.6876499643127721
3.2103004291845494,train,-0.4337007970223085,-0.420131412163923,-0.6735325652533909
3.227467811158798,train,-0.4040258016732351,-0.7475691807968361,-0.6589522618098328
3.244635193133047,train,-0.3738623899294936,-0.49934240170522637,-0.6439201565225784
3.2618025751072963,train,-0.3432794450966862,-0.7934760772877216,-0.6284476798158226
3.278969957081545,train,-0.3123461106234776,-0.4297206432782681,-0.612546581338295
3.296137339055794,train,-0.2811315893515186,-0.5417478392999295,-0.5962289211400478
3.313304721030043,train,-0.2497049434981366,-0.31031929235827604,-0.5795070606884317
3.3304721030042916,train,-0.21813489602263336,-0.47920564998281856,-0.5623936537288724
3.347639484978541,train,-0.1864896340215964,-0.8924719621292261,-0.5449016369963807
3.3648068669527897,train,-0.15483661479092398,-0.2637159517082206,-0.5270442207813532
3.3819742489270386,train,-0.12324237518250662,-0.24501021922641808,-0.5088348793568555
3.3991416309012874,train,-0.09177234487156784,-0.6551588940929123,-0.4902873412703903
3.4163090128755367,train,-0.060490664136707534,-0.496678105030107,-0.47141557950664625
3.4334763948497855,train,-0.029460006738682654,-0.17056632486727974,-0.45223380152726944
3.4506437768240343,train,0.001258591534035472,-0.1545860749764869,-0.4327564391900143
3.467811158798283,train,0.03160589810469369,0.08886864103028502,-0.4129981385558418
3.484978540772532,train,0.06152464210624144,0.04493377493914297,-0.3929737495867498
3.5021459227467813,train,0.09095966563482367,-0.15572571690236447,-0.3726983157413606
3.51931330472103,train,0.11985806728095197,-0.41244095370560574,-0.35218706347227435
3.536480686695279,train,0.14816933748723837,-0.13069225376899007,-0.33145539163016735
3.5536480686695278,train,0.17584548530983282,-0.08168446412998742,-0.3105188607829307
3.570815450643777,train,0.20284115619039778,-0.025725805954789127,-0.28939318245068424
3.587982832618026,train,0.22911374037636673,0.2689095486492765,-0.2680942082650769
3.6051502145922747,train,0.25462347165947347,-0.14496002908114125,-0.24663791905825483
3.6223175965665235,train,0.2793335161357213,0.2156648939092869,-0.22504041388436213
3.6394849785407724,train,0.3032100507242573,0.45536864995840753,-0.20331789898196395
3.6566523605150216,train,0.3262223312176958,-0.014856337429167699,-0.18148667668029284
3.6738197424892705,train,0.34834274967224743,0.019420899515506296,-0.15956313425632573
3.6909871244635193,train,0.36954688098252203,0.30456438816179165,-0.13756373274730782
3.708154506437768,train,0.3898135185227544,0.38375108046067297,-0.11550499572365125
3.725321888412017,train,0.40912469877358787,0.1489773496132365,-0.09340349802911041
3.742489270386266,train,0.42746571489106044,0.23843012374032835,-0.07127585449144996
3.759656652360515,train,0.4448251192121324,0.003110858706570241,-0.049138708610775794
3.776824034334764,train,0.4611947147287649,0.38967205305801045,-0.027008721230985466
3.7939914163090127,train,0.47656953560003035,0.16365958926902824,-0.004902559196840128
3.811158798283262,train,0.49094781680903266,0.2985191180592741,0.01716311599345799
3.828326180257511,train,0.5043309531082111,0.2549697477657009,0.03917165953884294
3.8454935622317596,train,0.5167234474329598,0.47223832651919473,0.06110645468153347
3.8626609442060085,train,0.5281328489991479,0.24547494447553753,0.0829509240440629
3.8798283261802573,train,0.5385696813350349,0.17845040620418295,0.10468854095131497
3.8969957081545066,train,0.548047360532108,0.34858817331564973,0.1263028407339094
3.9141630901287554,train,0.5565821040323641,0.5649348819437257,0.14777743200488158
3.9313304721030042,train,0.5641928303014793,0.34587867833719477,0.16909600790703874
3.948497854077253,train,0.570901049767979,0.7146774020766156,0.1902423573237109
3.9656652360515023,train,0.5767307474378697,0.5146023286922095,0.21120037604839292
3.982832618025751,train,0.5817082576221284,0.3508936929688833,0.2319540779082484
4.0,train,0.5858621312408377,0.3982491017132457,0.2524876058356541
4.017167381974249,train,0.5892229961925517,0.5034731789349083,0.2727852428826682
4.034334763948498,train,0.5918234113005707,0.6409489532840196,0.2928314231731135
4.051502145922747,train,0.5936977143691309,0.8158277236295897,0.31261074278701445
4.068669527896995,train,0.5948818649019807,0.6400338706994493,0.3321079705727118
4.085836909871245,train,0.5954132820533962,0.5931688757422027,0.35130805888036115
4.103004291845494,train,0.5953306783972669,0.5764763443776273,0.37019615421175117
4.120171673819742,train,0.5946738901134649,0.6491501667679689,0.3887576077838285
4.1373390557939915,train,0.593483704202209,0.20348373147272625,0.4069779859955948
4.15450643776824,train,0.5918016833465287,0.6150132636315622,0.4248430807979451
4.171673819742489,train,0.5896699890501913,0.42957173535610416,0.44233891996032576
4.1888412017167385,train,0.5871312036835425,0.650310194982004,0.4594517772256027
4.206008583690987,train,0.584228152072632,0.7147373409860887,0.47616818235395353
4.223175965665236,train,0.5810037232677094,0.5095678049847985,0.4924749310455227
4.240343347639485,train,0.5775006931257182,0.21532340786621518,0.5083590947387775
4.257510729613734,train,0.5737615483377542,0.2855451534296911,0.523808030281526
4.274678111587983,train,0.5698283125266408,0.20843630844651262,0.5388093894642081
4.291845493562231,train,0.5657423750317899,0.6601165475911177,0.5533511284175644
4.309012875536481,train,0.5615443229884233,0.4338903535828562,0.5674215168631084
4.32618025751073,train,0.5572737772960435,0.09562248298850928,0.5810091472162393
4.343347639484978,train,0.5529692330568082,0.32924063512443524,0.5941029435342544
4.360515021459228,train,0.5486679050482355,0.13564763377067468,0.6066921703056105
4.377682403433476,train,0.5444055787765005,0.4589050282013174,0.6187664410753375
4.394849785407725,train,0.5402164676365314,0.6900656005935923,0.6303157269021711
4.412017167381975,train,0.5361330766832675,0.9765393699611877,0.6413303646412358
4.429184549356223,train,0.532186073494843,0.5419313758028768,0.651801065049384
4.446351931330472,train,0.5284041665832329,0.2846179356666223,0.6617189207076567
4.463519313304721,train,0.5248139917810815,0.226790878770875,0.6710754137552116
4.48068669527897,train,0.5214400070051665,0.1960127513288148,0.6798624234315449
4.497854077253219,train,0.5183043957672924,0.5963097347694593,0.6880722334223186
4.515021459227468,train,0.5154269797724852,0.4436634738820322,0.6956975390016311
4.532188841201717,train,0.5128251409122635,0.3556292882328469,0.7027314539713978
4.549356223175965,train,0.5105137529276176,0.339949565562951,0.7091675173870728
4.5665236051502145,train,0.5085051229822269,0.24584843461210948,0.7149997000691086
4.583690987124464,train,0.5068089433515339,0.18569738423684878,0.7202224108967836
4.600858369098712,train,0.5054322533976647,0.3761517130680243,0.7248305028753711
4.618025751072961,train,0.5043794119639785,0.47360169329159074,0.7288192789769904
4.635193133047211,train,0.5036520802863628,0.244157540943851,0.7321844977470864
4.652360515021459,train,0.5032492154813846,0.3156031457227293,0.7349223786756178
4.669527896995708,train,0.5031670746342083,0.5888241152707829,0.737029607326561
4.686695278969957,train,0.5033992294718959,0.32041236076272916,0.7385033402211556
4.703862660944206,train,0.5039365915704767,0.5113032522101353,0.7393412094732063
4.721030042918455,train,0.5047674480071095,0.010566246391153555,0.7395413271694598
4.738197424892704,train,0.5058775073319043,0.10739615369950428,0.7391022894933653
4.755364806866953,train,0.5072499556976506,0.349888391214944,0.73802318058575
4.772532188841201,train,0.5088655229499247,0.6369282295847691,0.7363035761412376
4.789699570815451,train,0.510702558444964,0.3967086953131913,0.7339435467350711
4.8068669527897,train,0.512737116328396,0.6559346512993631,0.7309436608740263
4.824034334763948,train,0.5149430499745414,0.5775705374684152,0.7273049877744737
4.8412017167381975,train,0.5172921152536615,0.6589928469888298,0.7230290998555688
4.858369098712446,train,0.5197540822633188,0.8896953580019789,0.7181180749488978
4.875536480686695,train,0.5222968551300683,0.6214783683204912,0.7125744982202213
4.8927038626609445,train,0.5248865994590929,0.4146234680609542,0.7064014637985104
4.909871244635193,train,0.5274878769822529,0.5132956178453032,0.6996025761102764
4.927038626609442,train,0.5300637869294053,0.5583911810490081,0.6921819509135565
4.944206008583691,train,0.5325761136238875,0.5297045430974343,0.684144216030705
4.96137339055794,train,0.5349854797807886,0.6640785990269418,0.6754945117727302
4.978540772532189,train,0.5372515049661778,0.546355162071885,0.6662384910593625
4.9957081545064375,train,0.5393329686568459,0.6518753844489398,0.6563823192196164
5.012875536480687,train,0.541187977323444,0.47342547129653934,0.6459326734832851
5.030042918454936,train,0.5427741349452098,0.638913038969501,0.6348967421491893
5.047210300429184,train,0.5440487163518073,0.41613480359863786,0.6232822234324822
5.064377682403434,train,0.5449688427772366,0.5356825732094652,0.611097323988522
5.081545064377682,train,0.5454916590022993,0.5027531151562439,0.5983507571051049
5.098712446351931,train,0.5455745114557901,0.6620289470872844,0.5850517405682452
5.115879828326181,train,0.5451751266404321,0.5885721988385813,0.5712099941908577
5.133047210300429,train,0.5442517892476139,0.5209537793563754,0.5568357370051331
5.150214592274678,train,0.5427635193251944,0.7177373806825802,0.5419396841177254
5.167381974248927,train,0.5406702478650716,0.6651835348574515,0.5265330432206909
5.184549356223176,train,0.5379329901817901,0.38098267627878535,0.5106275107588647
5.201716738197425,train,0.5345140164602366,0.4937516004768723,0.49423526775016496
5.218884120171674,train,0.5303770188593742,0.5887578582083774,0.47736897525644967
5.236051502145923,train,0.5254872745699894,0.8953021979646429,0.4600417695014554
5.253218884120171,train,0.5198118042375334,0.7497474815802851,0.4422672566377463
5.2703862660944205,train,0.513319525176264,0.4435565187420334,0.4240595071509987
5.28755364806867,train,0.5059813988180274,0.342432335338021,0.40543304991363605
5.304721030042918,train,0.4977705718580535,0.7537729707132526,0.3864028658705779
5.3218884120171674,train,0.4886625105810461,0.5199825989925246,0.36698438136678446
5.339055793991417,train,0.4786351278735611,0.2988216393396623,0.34719346110911464
5.356223175965665,train,0.4676689024530458,0.3530835321186503,0.327046400759938
5.373390557939914,train,0.455746989869987,0.6427876453086077,0.30655991916462366
5.390557939914163,train,0.4428553248671848,0.6140539938319085,0.2857511502067146
5.407725321888412,train,0.4289827147091901,0.42898196254239096,0.26463763429472353
5.424892703862661,train,0.41412092312536475,0.27248213030570856,0.24323730947369218
5.44206008583691,train,0.39826474454160227,0.3051666805103137,0.2215685021585737
5.459227467811159,train,0.38141206830856805,0.3384862354436118,0.19964991749884692
5.476394849785407,train,0.3635639326680986,0.15364288292974493,0.1775006293600727
5.493562231759657,train,0.3447245682340877,0.3400440042897994,0.15514006992788476
5.510729613733906,train,0.32490143079975975,0.2052830900103899,0.13258801893361433
5.527896995708154,train,0.30410522331933115,0.31292242991569985,0.1098645924968848
5.545064377682404,train,0.2823499069488743,0.11157872911051392,0.08699023158903713
5.562231759656652,train,0.2596527010683249,0.40586226535791425,0.06398569010956617
5.579399141630901,train,0.2360340722440214,0.2233489247095184,0.04087202258357653
5.5965665236051505,train,0.21151771212884046,0.414891788850805,0.017670571471116836
5.613733905579399,train,0.18613050433464412,0.3087084105541571,-0.005597045906516496
5.630901287553648,train,0.15990248034935364,0.2098044147576026,-0.02890895082486994
5.6480686695278965,train,0.13286676460837954,0.009299845308463617,-0.052243017006775416
5.665236051502146,train,0.10505950886712662,0.22109320806357236,-0.0755768848496563
5.682403433476395,train,0.07651981605793334,-0.07617490831112228,-0.09888797604743227
5.6995708154506435,train,0.04728965385075583,-0.0693764839199611,-0.12215350859524687
5.716738197424893,train,0.017413758172191145,0.040426631944302294,-0.14535051218474226
5.733905579399142,train,-0.013060473028093017,-0.24643236341370756,-0.1684558439809971
5.75107296137339,train,-0.04408309544101875,0.4991740750461888,-0.19144620479068775
5.76824034334764,train,-0.07560174313685916,-0.04390114685577373,-0.21429815561842247
5.785407725321888,train,-0.10756176199289048,-0.40065337371626786,-0.2369881346034669
5.802575107296137,train,-0.13990635139375876,0.1828245848572072,-0.25949247434835065
5.819742489270387,train,-0.17257671375976288,0.010624222269099093,-0.28178741963010256
5.836909871244635,train,-0.20551221143120427,-0.03034031067429055,-0.30384914550000364
5.854077253218884,train,-0.23865053041141637,-0.10101779184322712,-0.32565377576161525
5.871244635193133,train,-0.27192785044714873,-0.4286527097561432,-0.347177401838193
5.888412017167382,train,-0.30527902090300013,-0.0856975220491023,-0.368396102022571
5.905579399141631,train,-0.3386377418661496,-0.34595222342836873,-0.38928596110432345
5.92274678111588,train,-0.37193674989932746,-0.4586187425100192,-0.4098230903837581
5.939914163090129,train,-0.4051080078434908,-0.38690581673715574,-0.4299836480592718
5.957081545064377,train,-0.43808289805714057,-0.3992233761307604,-0.44974385999997835
5.9742489270386265,train,-0.4707924184669775,-0.2828685192490594,-0.4690800408891034
5.991416309012876,train,-0.5031673807941568,-0.1055282149788157,-0.4879686157464813
6.008583690987124,train,-0.5351386103123585,-0.2444208951873481,-0.5063861418245225
6.0257510729613735,train,-0.5666371464878862,-0.6088204014848007,-0.5243093308738268
6.042918454935622,train,-0.5975944438481366,-0.4574628984022926,-0.5417150717848876
6.060085836909871,train,-0.6279425724233308,-0.40814657457243264,-0.5585804535901587
6.07725321888412,train,-0.6576144171068621,-0.8890785083530766,-0.5748827888415095
6.094420600858369,train,-0.6865438752825409,-1.0522175551477737,-0.590599637343611
6.111587982832618,train,-0.7146660520720041,-0.982910193690528,-0.6057088302595678
6.128755364806867,train,-0.7419174525626872,-0.6489035130668919,-0.6201884945604376
6.145922746781116,train,-0.7682361703862284,-0.6974153936400498,-0.6340170778529178
6.163090128755365,train,-0.7935620720285479,-0.6746765258345055,-0.6471733735408242
6.180257510729613,train,-0.8178369762664617,-0.5785487781001546,-0.6596365463578685
6.197424892703863,train,-0.8410048281412943,-0.8395545209253967,-0.6713861582309691
6.214592274678112,train,-0.8630118668975149,-0.7750613908026569,-0.6824021945066113
6.23175965665236,train,-0.88380678733401,-0.959443076590035,-0.6926650905084931
6.24892703862661,train,-0.9033408940369351,-0.9465386167469809,-0.7021557584407471
6.266094420600858,train,-0.9215682479863136,-0.7682777234961229,-0.7108556146267538
6.283261802575107,train,-0.9384458050534374,-0.804288970758618,-0.7187466070843814
6.3004291845493565,train,-0.95393354593264,-0.7017369772714579,-0.725811243423739
6.317596566523605,train,-0.9679945970791212,-0.6067363022286321,-0.7320326190790666
6.334763948497854,train,-0.9805953422539812,-0.8736872848622363,-0.737394445856595
6.351931330472103,train,-0.9917055243085121,-0.7919865482855224,-0.7418810808075075
6.369098712446352,train,-1.001298336871903,-0.968394813203318,-0.7454775554110532
6.386266094420601,train,-1.0093505056397385,-0.977694260807092,-0.7481696050688821
6.4034334763948495,train,-1.0158423589949688,-0.9276127639155991,-0.7499436989041021
6.420600858369099,train,-1.0207578877281756,-1.100887545978206,-0.7507870698681197
6.437768240343348,train,-1.0240847936599287,-1.1225077635679854,-0.7506877451380164
6.454935622317596,train,-1.0258145270046588,-1.0027612788529954,-0.7496345768100544
6.472103004291846,train,-1.0259423123526366,-1.0118915101983665,-0.7476172728790785
6.489270386266094,train,-1.0244671631842357,-1.0192718378638537,-0.744626428503948
6.506437768240343,train,-1.021391884868536,-0.9124076863913002,-0.7406535575505032
6.523605150214593,train,-1.0167230661363644,-0.8425477493733622,-0.7356911244027399
6.540772532188841,train,-1.010471059055937,-0.8450896978495281,-0.7297325760470158
6.55793991416309,train,-1.002649947577245,-0.6910465819841649,-0.722772374417377
6.575107296137339,train,-0.9932775047490923,-0.8644468487003989,-0.7148060289947747
6.592274678111588,train,-0.9823751387500717,-0.8773975366826594,-0.7058301296602748
6.609442060085837,train,-0.9699678279117165,-0.7550215509690581,-0.6958423797907988
6.626609442060086,train,-0.9560840449483711,-0.4192500174367728,-0.6848416295977421
6.643776824034335,train,-0.9407556706439234,-0.5603931824571866,-0.6728279096945974
6.660944206008583,train,-0.9240178972803178,-0.6864833309262979,-0.6598024648937698
6.6781115879828326,train,-0.9059091221264972,-0.8190589253754155,-0.645767788223833
6.695278969957082,train,-0.886470831339228,-0.6661564948107586,-0.6307276551561322
6.71244635193133,train,-0.8657474746586946,-0.7343912255338383,-0.6146871580505556
6.7296137339055795,train,-0.8437863313120372,-0.7448511920724457,-0.5976527407879441
6.746781115879828,train,-0.8206373675668537,-0.7671835447826574,-0.5796322336043955
6.763948497854077,train,-0.7963530864039536,-0.47168555603909823,-0.5606348881101084
6.781115879828326,train,-0.7709883698045293,-0.20618928453202034,-0.5406714124881806
6.798283261802575,train,-0.7446003141708804,-0.5429643373681552,-0.5197540068629637
6.815450643776824,train,-0.7172480594222307,-0.743599383611679,-0.4978963988363978
6.832618025751073,train,-0.6889926123276873,-0.2985706727564361,-0.4751138791807985
6.849785407725322,train,-0.6598966646569276,-0.314487644781865,-0.4514233376765937
6.866952789699571,train,-0.6300244067459395,-0.5000679869787001,-0.4268432990949891
6.884120171673819,train,-0.5994413370897305,-0.5732167388879565,-0.4013939593150476
6.901287553648069,train,-0.5682140685864627,-0.42221870232595027,-0.37509722156086767
6.918454935622318,train,-0.5364101320679946,-0.2799385724681054,-0.347976732761215
6.935622317596566,train,-0.5040977777600819,-0.29796276030828395,-0.3200579200068202
6.952789699570816,train,-0.47134577532165756,-0.20260440310994277,-0.2913680271228227
6.969957081545064,train,-0.43822321311660056,-0.1404900885090692,-0.2619361513166053
6.987124463519313,train,-0.4047992973731013,-0.1255948230883419,-0.23179327991268694
7.0042918454935625,train,-0.37114315188535363,-0.20157047951132245,-0.20097232716395474
7.021459227467811,train,-0.33732361890961204,-0.1917113128652952,-0.16950817111925542
7.03862660944206,train,-0.3034090619018066,-0.1055128184628158,-0.13743769054996646
7.055793991416309,train,-0.2694671707369264,0.034631073069030016,-0.10479980191308125
7.072961373390558,train,-0.23556477004113008,0.01575132417573677,-0.07163549635865113
7.090128755364807,train,-0.20176763125631889,0.18189229931701867,-0.0379878767533805
7.1072961373390555,train,-0.1681402890434794,0.3808520484730984,-0.0039021947223686904
7.124463519313305,train,-0.13474586261569166,0.21056719284433534,0.030574112306245682
7.141630901287554,train,-0.1016458825743304,0.33672207720273395,0.06539138406703743
7.1587982832618025,train,-0.06890012380261094,0.41576823343365366,0.10049770043054246
7.175965665236052,train,-0.036566444949461874,-0.06047235350163582,0.13583884441342453
7.1931330472103,train,-0.0047006350138134555,0.0935160040184444,0.1713582652265303
7.210300429184549,train,0.026643732485422143,0.13180908527233193,0.20699704135974223
7.227467811158799,train,0.05741543729454766,0.6088517343382778,0.24269384375199288
7.244635193133047,train,0.08756574173425759,0.4921362337645645,0.27838489900813834
7.261802575107296,train,0.11704851113082743,0.19142997004874918,0.3140039527168001
7.278969957081545,train,0.14582032499788355,0.2220250559923711,0.3494822328568667
7.296137339055794,train,0.1738405786292812,0.10838075486483145,0.3847484133074422
7.313304721030043,train,0.201071574796431,0.18407403460678662,0.41972857749472625
7.330472103004292,train,0.2274786052774826,0.8949408154036176,0.45434618214141353
7.347639484978541,train,0.2530300219805983,0.6273437210104449,0.48852202118835414
7.364806866952789,train,0.2776972974591333,0.8308761982509738,0.5221741898588448
7.381974248927039,train,0.30145507465293697,0.43130907226784565,0.5552180488913506
7.399141630901288,train,0.3242812057266844,0.6816277271363473,0.5875661889596286
7.416309012875536,train,0.3461567799134915,0.5802804889706215,0.619128395283758
7.4334763948497855,train,0.36706614030946894,0.6539693533293764,0.6498116124551232
7.450643776824034,train,0.3869968896025738,0.5185428009130035,0.679519909482733
7.467811158798283,train,0.405939884756811,0.16464064408186552,0.7081544450601158
7.484978540772532,train,0.42388922071033486,0.7869895969091196,0.7356134331072679
7.502145922746781,train,0.4408422031834299,0.5379506341108247,0.7617921085538897
7.51931330472103,train,0.4567993107292379,0.9718539955504086,0.7865826934141347
7.536480686695279,train,0.4717641461966318,0.7603689273692602,0.8098743631381102
7.553648068669528,train,0.48574337781051535,0.615991686980502,0.831553213291871
7.570815450643777,train,0.49874667010994167,0.7238496269945376,0.8515022265313427
7.587982832618025,train,0.5107866050187576,1.011566622948627,0.8696012399395787
7.605150214592275,train,0.5218785933567947,0.930729475965073,0.8857269126788542
7.622317596566524,train,0.5320407771318549,0.5117893581460251,0.899752694058069
7.639484978540772,train,0.5412939229838097,1.0766770808134778,0.911548791931697
7.656652360515022,train,0.5496613071818525,0.8973458880615857,0.9209821415265714
7.67381974248927,train,0.557168592604314,1.3904856619546742,0.9279163746708314
7.690987124463519,train,0.5638436981572982,0.7732951825364918,0.9322117894531952
7.708154506437769,train,0.5697166611136644,1.107420329377038,0.9337253203285522
7.725321888412017,train,0.5748194928774857,0.9202309669643238,0.9323105086731486
7.742489270386266,train,0.5791860287009571,0.7268199649657632,0.927817473839747
7.759656652360515,train,0.5828517719007483,0.8976100653018593,0.9200928846805814
7.776824034334764,train,0.5858537331389255,0.8744852397281679,0.9089799316127329
7.793991416309013,train,0.5882302653497438,0.9763456634814336,0.894318299169348
7.8111587982832615,test,0.5900208949077742,0.659869053462927,0.8759441391413332
7.828326180257511,test,0.5912661496449396,1.1433601608620103,0.8536900442491644
7.845493562231759,test,0.5920073843340479,0.8574863967672917,0.8273850224178699
7.8626609442060085,test,0.5922866042642916,1.1458135452333948,0.7968544716246893
7.879828326180258,test,0.592146287539906,0.8099820875558015,0.7619201553949662
7.896995708154506,test,0.5916292067367313,1.339674602158591,0.7224001789054659
7.914163090128755,test,0.590778250552783,0.818071607272782,0.6781089657555404
7.931330472103005,test,0.5896362460881082,0.9661039626370007,0.628857235403081
7.948497854077253,test,0.5882457823861872,0.6929626164907248,0.5744519812952174
7.965665236051502,test,0.5866490358639505,0.8789362365150559,0.5146964497182059
7.982832618025751,test,0.584887598250129,1.0071687316574343,0.4493901193461433
8.0,test,0.5830023076421674,1.099554699405764,0.3783286815764201
8.017167381974248,test,0.5810330832803637,1.1488262700431395,0.3013040215993043
8.034334763948499,test,0.5790187646242357,0.8046947850304678,0.21810420027824748
8.051502145922747,test,0.5769969553004868,0.9864313882465918,0.12851343683196026
8.068669527896995,test,0.5750038724743136,0.8713439212178367,0.032312092337751896
8.085836909871245,test,0.573074202176304,1.0742452021055273,-0.07072334590713053
8.103004291845494,test,0.5712409610958386,1.0133633912695705,-0.18082027916180188
8.120171673819742,test,0.5695353653288099,0.9467680170365851,-0.2982100111233421
8.13733905579399,test,0.5679867065427172,1.2713452276723451,-0.4231277609060795
8.15450643776824,test,0.5666222359958308,1.133921890480023,-0.5558126750672324
8.17167381974249,test,0.5654670568192615,1.0343196739822629,-0.6965078387045515
8.188841201716738,test,0.5645440249415142,0.9128987502434276,-0.8454602855731
8.206008583690988,test,0.5638736590045372,0.7976490735233632,-1.0029210071693049
8.223175965665236,test,0.5634740595885084,1.0759323740499358,-1.1691449608603106
8.240343347639485,test,0.5633608380297579,0.7140065751204299,-1.3443910769107772
8.257510729613735,test,0.5635470550823846,1.0606108742912017,-1.52892226447287
8.274678111587983,test,0.5640431696394443,1.2866562228778085,-1.723005416495785
8.291845493562231,test,0.5648569976941469,0.7959286011169358,-1.9269114135041456
8.30901287553648,test,0.5659936816854539,1.2359267888699215,-2.1409151262521307
8.32618025751073,test,0.5674556703359214,0.8578680542818162,-2.365295417242762
8.343347639484978,test,0.5692427090527109,1.0355987057407408,-2.600335141007951
8.360515021459227,test,0.5713518409255407,0.9554228730432035,-2.846321143263298
8.377682403433477,test,0.5737774183180596,0.845918537350876,-3.1035442587586335
8.394849785407725,test,0.5765111250118734,1.1026271183650476,-3.372299307936693
8.412017167381974,test,0.579542008825324,0.813291073500988,-3.652885092266561
8.429184549356224,test,0.5828565245922649,1.1702030355557547,-3.9456043883189853
8.446351931330472,test,0.5864385873496114,1.0041776362513994,-4.250763940470987
8.46351931330472,test,0.5902696355465095,0.8488959995335907,-4.5686744522978975
8.48068669527897,test,0.5943287040526513,0.9849135870441801,-4.899650576559448
8.49785407725322,test,0.5985925067087392,1.0869856821166959,-5.244010903792511
8.515021459227468,test,0.6030355281284492,1.2111759806939197,-5.602077949493283
8.532188841201716,test,0.607630124428564,0.9218612690651815,-5.9741781397943186
8.549356223175966,test,0.6123466325324332,1.2479828092308312,-6.360641795739944
8.566523605150214,test,0.6171534876615608,0.8478216189453907,-6.761803115955143
8.583690987124463,test,0.6220173486011359,0.996895231548991,-7.178000157869335
8.600858369098713,test,0.6269032302977244,0.6218697130398487,-7.609574817326964
8.618025751072961,test,0.6317746433212826,1.3078998895308915,-8.05687280663602
8.63519313304721,test,0.6365937396992037,0.7818875718431642,-8.520243630959472
8.65236051502146,test,0.6413214646073208,1.0196181524893202,-9.000040563124927
8.669527896995708,test,0.6459177133818154,1.0580070242717987,-9.49662061671122
8.686695278969957,test,0.6503414932968181,1.3078171113314268,-10.010344517454309
8.703862660944205,test,0.6545510895352378,1.1669538751629203,-10.54157667291917
8.721030042918455,test,0.6585042347650863,1.2540875647781498,-11.090685140441119
8.738197424892704,test,0.6621582817203052,1.1350763500643524,-11.658041593237542
8.755364806866952,test,0.6654703781739186,1.0547945921761332,-12.244021284720816
8.772532188841202,test,0.6683976436822348,1.3751966285329553,-12.849003011009101
8.78969957081545,test,0.6708973474718971,1.419301216674926,-13.473369071483804
8.806866952789699,test,0.6729270868367824,1.1838531811023634,-14.11750522752788
8.82403433476395,test,0.6744449654091493,1.2278338556358035,-14.781800659252312
8.841201716738198,test,0.6754097706690171,1.2133335255366697,-15.466647920330796
8.858369098712446,test,0.6757811500575369,1.0437209085778543,-16.172442890783152
8.875536480686696,test,0.6755197850640704,1.3189190661710155,-16.89958472775956
8.892703862660944,test,0.6745875626628286,1.4840415800004818,-17.64847581427734
8.909871244635193,test,0.6729477434832047,1.0759919078532212,-18.41952170585742
8.927038626609441,test,0.6705651261083498,1.1662037497044606,-19.213131075022435
8.944206008583691,test,0.6674062069090324,1.2436732382264903,-20.02971565369921
8.96137339055794,test,0.6634393348343828,1.067803013282588,-20.869690173379347
8.978540772532188,test,0.6586348605976551,1.4410626147584003,-21.73347230308576
8.995708154506438,test,0.6529652797136412,1.067070773873616,-22.621482585135908
9.012875536480687,test,0.6464053688647436,1.2390782251423254,-23.53414436854689
9.030042918454935,test,0.6389323150948775,1.1523224587075411,-24.471883740177862
9.047210300429185,test,0.630525837354324,1.1785456629482205,-25.43512945351905
9.064377682403434,test,0.6211682999442003,1.139808980632143,-26.42431285510099
9.081545064377682,test,0.6108448174363696,1.4082444283678042,-27.439867808486962
9.09871244635193,test,0.599543350673247,1.2548659070431265,-28.48223061579257
9.11587982832618,test,0.5872547934819318,1.4063169811280591,-29.551839936796565
9.133047210300429,test,0.5739730497684044,1.3677688698623856,-30.64913670544674
9.150214592274677,test,0.5596951006899449,0.877571189955253,-31.774564043875927
9.167381974248928,test,0.5444210616374695,0.9737558166921261,-32.9285671738055
9.184549356223176,test,0.5281542287939448,1.1306873248580365,-34.1115933253398
9.201716738197424,test,0.5109011150702729,1.2874368751976037,-35.324091643110776
9.218884120171674,test,0.4926714752561356,1.0491340942853862,-36.566513089671396
9.236051502145923,test,0.473478320259785,1.2765010626567035,-37.83931034628285
9.253218884120171,test,0.4533379203478573,0.866890612474239,-39.14293771080196
9.270386266094421,test,0.43226979733369647,0.8932206823801767,-40.47785099282609
9.28755364806867,test,0.41029670570023813,0.9598137260071722,-41.844507406072914
9.304721030042918,test,0.38744460268117925,1.0068037864806465,-43.24336545772051
9.321888412017167,test,0.36374260736183917,1.0355182002979753,-44.674884834976524
9.339055793991417,test,0.3392229488985376,0.8057644309187584,-46.13952628864922
9.356223175965665,test,0.31392090399249695,1.191482766477983,-47.63775151374089
9.373390557939913,test,0.2878747237909523,0.8834450019083535,-49.17002302694048
9.390557939914164,test,0.26112555042443597,0.800529937494181,-50.736804041186495
9.407725321888412,test,0.23371732342458074,0.7953409578104047,-52.33855833705065
9.42489270386266,test,0.20569667630154037,1.0421406792510552,-53.97575013091782
9.44206008583691,test,0.17711282359395245,0.8220516323049205,-55.648843940120955
9.459227467811159,test,0.1480174387370131,0.7619572383430704,-57.35830444475173
9.476394849785407,test,0.11846452312594152,0.5015746140293427,-59.10459634625164
9.493562231759656,test,0.08851026678238477,0.3072326396068261,-60.88818422269834
9.510729613733906,test,0.05821290106040894,0.5639101954004193,-62.709532380727175
9.527896995708154,test,0.02763254385615721,0.5454693780992148,-64.56910470410891
9.545064377682403,test,-0.003168962188718788,0.5089013337055119,-66.46736449890017
9.562231759656653,test,-0.03412821797526017,0.4955327566824117,-68.40477433507976
9.579399141630901,test,-0.06518044219004296,0.3122363658503984,-70.38179588473287
9.59656652360515,test,-0.09625965094462066,0.5869416005487027,-72.39888975671558
9.6137339055794,test,-0.1272988422346693,0.2361282457501419,-74.45651532761006
9.630901287553648,test,-0.1582301846248726,0.5170583616973001,-76.55513056917923
9.648068669527897,test,-0.18898520955054676,0.5081036233480072,-78.69519187209676
9.665236051502147,test,-0.219495006614021,0.3588980905908965,-80.87715386592099
9.682403433476395,test,-0.24969042124287677,0.1215439656586188,-83.10146923541468
9.699570815450643,test,-0.27950225406837503,0.3375997617708988,-85.36858853291628
9.716738197424892,test,-0.3088614613758176,0.1935360228568026,-87.67895998701837
9.733905579399142,test,-0.3376993559740593,0.35479208731422407,-90.03302930723805
9.75107296137339,test,-0.365947807829308,0.09519936987736521,-92.43123948480317
9.768240343347639,test,-0.3935394438081575,0.5701602701472002,-94.8740305894749
9.785407725321889,test,-0.42040784587708097,0.24444052989407528,-97.3618395623012
9.802575107296137,test,-0.44648774710994665,0.03921685710068612,-99.89510000434349
9.819742489270386,test,-0.47171522486168427,0.07142641825347162,-102.47424196126994
9.836909871244636,test,-0.49602789047496604,0.17154340975924143,-105.09969170377597
9.854077253218884,test,-0.5193650748976197,0.09733382822978243,-107.77187150382649
9.871244635193133,test,-0.541668009601448,0.11231180792007489,-110.49119940665325
9.888412017167383,test,-0.5628800022081802,0.02840900660523893,-113.25808899840946
9.905579399141631,test,-0.5829466062452073,0.17599463428976048,-116.0729491694887
9.92274678111588,test,-0.601815784472894,-0.03663137263241545,-118.93618387354147
9.939914163090128,test,-0.619438065245927,0.1121308344809675,-121.84819188186671
9.957081545064378,test,-0.6357666913939382,0.13045763963278656,-124.8093665335512
9.974248927038627,test,-0.6507577611310557,-0.06192010135430426,-127.82009548083886
9.991416309012875,test,-0.6643703605300382,0.05084687416426892,-130.88076043010534
10.008583690987125,test,-0.6765666871243243,0.23567739104975338,-133.9917368781133
10.025751072961373,test,-0.6873121642304276,0.1306204645463076,-137.15339384353385
10.042918454935622,test,-0.6965755456135803,-0.1788213248667745,-140.3660935938795
10.060085836909872,test,-0.7043290101513076,-0.02570340811548011,-143.63019136757862
10.07725321888412,test,-0.7105482461825027,0.31445923215404203,-146.9460350911037
10.094420600858369,test,-0.7152125252636107,0.09058232622410767,-150.31396509155275
10.111587982832617,test,-0.7183047650883859,0.05126563253162164,-153.73431380381683
10.128755364806867,test,-0.7198115813634681,-0.17228964031922267,-157.20740547329729
10.145922746781116,test,-0.7197233284684751,0.13739796623531397,-160.73355585313533
10.163090128755364,test,-0.7180341287662999,-0.2746935075446224,-164.3130718966641
10.180257510729614,test,-0.7147418904668142,-0.09048696813277601,-167.9462514445979
10.197424892703863,test,-0.7098483139849642,-0.16251218000269851,-171.6333829070122
10.214592274678111,test,-0.7033588867722533,-0.2870869882149023,-175.37474494016473
10.231759656652361,test,-0.6952828666386902,-0.07074240825524036,-179.17060611799604
10.24892703862661,test,-0.6856332536202983,0.0503804220739168,-183.0212245982608
10.266094420600858,test,-0.6744267504850909,0.1750809775541038,-186.92684778328476
10.283261802575108,test,-0.6616837120079729,0.0006765591939750237,-190.88771197524503
10.300429184549357,test,-0.6474280831820948,-0.0714995288620699,-194.90404202603858
10.317596566523605,test,-0.6316873265706447,-0.1494175431042768,-198.97605098143717
10.334763948497853,test,-0.6144923390389956,0.31649457158895,-203.10393971981833
10.351931330472103,test,-0.5958773581420138,0.09409348740360812,-207.28789658500628
10.369098712446352,test,-0.5758798584755084,0.11969534237988366,-211.52809701361392
10.3862660944206,test,-0.5545404383337867,0.42098819876034277,-215.82470315643297
10.40343347639485,test,-0.5319026970471985,0.028274276486396133,-220.17786349418074
10.420600858369099,test,-0.5080131034041444,0.023180253156781738,-224.58771244709925
10.437768240343347,test,-0.48292085559129916,0.3901074168022616,-229.0543699788394
10.454935622317597,test,-0.45667773311355925,-0.23916823706820267,-233.5779411942597
10.472103004291846,test,-0.42933794118153873,0.3712943343528794,-238.15851593108468
10.489270386266094,test,-0.4009579480788369,0.37328338303932185,-242.796168345685
10.506437768240342,test,-0.3715963160444214,0.21716222069024838,-247.49095649235724
10.523605150214593,test,-0.34131352622625016,0.4317694620982353,-252.24292189662188
10.540772532188841,test,-0.3101717982816048,0.6671663937234014,-257.0520891222244
10.55793991416309,test,-0.2782349052167542,0.38722320389170495,-261.9184653315335
10.57510729613734,test,-0.2455679840738138,0.8285953887190676,-266.84203983994644
10.592274678111588,test,-0.21223734308584047,0.48968387327159224,-271.8227836633633
10.609442060085836,test,-0.1783102659322821,0.19683266585455073,-276.86064905959057
10.626609442060087,test,-0.14385481373582754,0.49290509645231584,-281.9555690628737
10.643776824034335,test,-0.10893962544858693,0.9349788403051935,-287.10745701170646
10.660944206008583,test,-0.07363371727993018,0.6132781717304026,-292.3162060703426
10.678111587982833,test,-0.03800628182095117,1.0617430163569397,-297.58168874307506
10.695278969957082,test,-0.0021264875206229994,0.8790169903931515,-302.90375638198174
10.71244635193133,test,0.03393672083344712,0.7616735373067218,-308.28223868773676
10.729613733905579,test,0.07011481998062041,0.8406260130063226,-313.716943203306
10.746781115879829,test,0.10633990375690483,0.7848333906680471,-319.2076548008841
10.763948497854077,test,0.14254487573472036,0.8991915751404198,-324.7541351616323
10.781115879828326,test,0.1786636383095685,0.8837731773999202,-330.3561222481233
10.798283261802576,test,0.21463127762318848,1.0803685930388642,-336.01332976988084
10.815450643776824,test,0.2503842437275152,1.257540094198391,-341.72544664154776
10.832618025751072,test,0.28586052541080487,0.8451686714056814,-347.49213643354415
10.849785407725323,test,0.32099981912580056,1.2361197556807566,-353.31303681560655
10.866952789699571,test,0.3557436914805876,1.3127699922721856,-359.18775899264233
10.88412017167382,test,0.39003573477536513,1.4068610008538878,-365.11588713330156
10.901287553648068,test,0.4238217150922228,1.0989893912288133,-371.09697779070837
10.918454935622318,test,0.45704971247119397,0.9953749315171878,-377.13055931574945
10.935622317596566,test,0.48967025273299947,1.2136539530437407,-383.21613126251674
10.952789699570815,test,0.5216364305378602,1.4532800144264373,-389.3531637859661
10.969957081545065,test,0.5529040232999682,1.5501626769856536,-395.54109703188306
10.987124463519313,test,0.5834315956085951,1.4447891173799983,-401.77934051872927
11.004291845493562,test,0.6131805938396566,1.1990189589259597,-408.0672725115752
11.021459227467812,test,0.6421154306749934,1.3114918924739118,-414.40423938816764
11.03862660944206,test,0.6702035592813617,1.3765932963177576,-420.78955499646923
11.055793991416309,test,0.6974155369366388,1.5346500080558405,-427.2225000044135
11.072961373390559,test,0.7237250779266062,1.5512085442027415,-433.7023212411985
11.090128755364807,test,0.7491090955726074,1.5956654875868956,-440.22823103032715
11.107296137339056,test,0.773547733287385,1.7865608521200347,-446.79940651422856
11.124463519313304,test,0.7970243845937617,1.7881595886956196,-453.4149889703793
11.141630901287554,test,0.8195257020786288,1.3453192073454767,-460.07408311893863
11.158798283261802,test,0.8410415952922328,1.5092932246634927,-466.7757564217849
11.17596566523605,test,0.8615652176404383,1.3614569414491413,-473.51903837287495
11.193133047210301,test,0.8810929423550609,1.7206372988452898,-480.30291977986457
11.21030042918455,test,0.8996243276643907,1.5791022952456393,-487.12635203680463
11.227467811158798,test,0.9171620713228072,1.719153122409102,-493.9882463881295
11.244635193133048,test,0.9337119546942643,1.3872296123842434,-500.88747318353893
11.261802575107296,test,0.9492827766199593,1.8529208881138857,-507.8228611239803
11.278969957081545,test,0.9638862773349846,1.9067325778302324,-514.7931964983673
11.296137339055793,test,0.9775370527323219,2.0337589320293876,-521.7972224112151
11.313304721030043,test,0.99025245930522,1.5269282865836713,-528.8336380011514
11.330472103004292,test,1.002052510130301,1.6960697216886818,-535.9010976496425
11.34763948497854,test,1.0129597622839328,1.8152511901759825,-542.9982101810664
11.36480686695279,test,1.0229991961131515,1.815046663844183,-550.1235380524407
11.381974248927039,test,1.032198086809714,1.9500640110074317,-557.2755965343841
11.399141630901287,test,1.0405858687616416,1.7981259707727286,-564.4528528820207
11.416309012875537,test,1.0481939931806457,1.7138438991892713,-571.6537254961698
11.433476394849786,test,1.0550557795262403,2.0006450431276575,-578.8765830749853
11.450643776824034,test,1.0612062612679105,1.631241275375495,-586.1197437555267
11.467811158798284,test,1.0666820265453425,1.953491924524715,-593.3814742456741
11.484978540772532,test,1.0715210543035336,1.8816334474237415,-600.6599889456161
11.50214592274678,test,1.0757625464943161,2.061549569994752,-607.9534490597091
11.51931330472103,test,1.0794467569485566,1.9864241187773208,-615.259961697934
11.53648068669528,test,1.0826148175339176,2.019528468570935,-622.5775789669183
11.553648068669528,test,1.0853085622215761,1.5296487810617911,-629.9042970512095
11.570815450643776,test,1.0875703496916491,2.1459583119292533,-637.238055283581
11.587982832618026,test,1.089442885111255,1.8993247773022546,-644.5767352050656
11.605150214592275,test,1.0909690417211535,2.166185580175349,-651.9181596146868
11.622317596566523,test,1.0921916828667004,2.0482751335534193,-659.2600916081263
11.639484978540773,test,1.0931534851064901,2.289900091182192,-666.6002336057823
11.656652360515022,test,1.0938967630274856,1.7134562771405815,-673.9362263704787
11.67381974248927,test,1.0944632963887195,2.0286526310076214,-681.2656480135211
11.690987124463518,test,1.0948941602067879,2.018562501152246,-688.5860129904975
11.708154506437769,test,1.0952295583853717,2.0611701802394045,-695.8947710856021
11.725321888412017,test,1.0955086614779947,2.2975323201022597,-703.1893063848994
11.742489270386265,test,1.0957694491581396,2.048252558155064,-710.4669362388709
11.759656652360515,test,1.0960485579538026,1.9970536842381028,-717.724910212687
11.776824034334764,test,1.0963811347846226,1.866356605431303,-724.9604090260517
11.793991416309012,test,1.0968006968188808,2.118243666470473,-732.1705434812528
11.811158798283262,test,1.097338998145116,2.133124403279064,-739.3523533792824
11.82832618025751,test,1.0980259037287836,2.000983564780803,-746.5028064250026
11.84549356223176,test,1.0988892710984985,1.981379213475929,-753.6187971202675
11.86266094420601,test,1.0999548401789787,1.848946960867007,-760.6971456450821
11.879828326180258,test,1.101246131658918,2.1759677809987696,-767.7345967270979
11.896995708154506,test,1.1027843542518538,2.037637590456951,-774.7278184992364
11.914163090128755,test,1.1045883211766416,2.3406594020737828,-781.6734013450064
11.931330472103005,test,1.1066743761516138,2.4514521263744253,-788.5678567319532
11.948497854077253,test,1.109056329162947,2.190606750309648,-795.4076160322887
11.965665236051501,test,1.1117454022332969,2.0250286040030847,-802.1890293321832
11.982832618025752,test,1.1147501853815462,1.7538523285367784,-808.9083642278249
12.0,test,1.1180766029286158,2.168602100852109,-815.5618046091308
