x,observed_y,trend,hidden_structure,noise,split
0.0,1.534747459112921,1.25,0.28,0.004747459112921132,test
0.015018773466833541,1.6065734377638687,1.2597622027534419,0.2999533287543497,0.046857906256077136,train
0.030037546933667083,1.5175632791329288,1.2695244055068835,0.31916507109924797,-0.07112619747320274,train
0.04505632040050062,1.5801379400613056,1.2792866082603254,0.3376254947078673,-0.03677416290688713,train
0.060075093867334166,1.4154817097194494,1.2890488110137672,0.3553267765551746,-0.22889387784949244,test
0.0750938673341677,1.2036358589993146,1.298811013767209,0.37226299867836804,-0.4674381534462625,train
0.09011264080100125,1.7491459196724215,1.3085732165206507,0.38843013901867235,0.05214256413309836,train
0.10513141426783479,1.5649666407721272,1.3183354192740926,0.4038260573842357,-0.1571948358862009,train
0.12015018773466833,1.8174811767951184,1.3280976220275345,0.41845047658655316,0.07093307818103088,test
0.13516896120150187,1.9384837814956282,1.3378598247809763,0.43230495881536807,0.16831899789928378,train
0.1501877346683354,1.790191657503698,1.347622027534418,0.4453928773293578,-0.002823247360077695,train
0.16520650813516896,1.8618308877655065,1.3573842302878598,0.45771938355204717,0.04672727392559956,train
0.1802252816020025,1.5712412393193462,1.3671464330413017,0.46929136967428786,-0.26519656339624353,test
0.19524405506883605,2.0013728499647367,1.3769086357947433,0.48011742687626763,0.14434678729372566,train
0.21026282853566958,1.5617432082406382,1.3866708385481852,0.49020779929332636,-0.3151354296008735,train
0.22528160200250313,1.8068980275060778,1.396433041301627,0.4995743338608402,-0.08910934765638957,train
0.24030037546933666,1.7328775245609653,1.406195244055069,0.5082304261840571,-0.1815481456781606,test
0.2553191489361702,1.9366923628548987,1.4159574468085105,0.5161909625889957,0.0045439534573923765,train
0.27033792240300375,1.9273206742396483,1.4257196495619524,0.5234722585203322,-0.021871233842636416,train
0.2853566958698373,1.687136673031368,1.4354818523153943,0.5300919934615762,-0.27843717274560253,train
0.3003754693366708,1.8720632823934333,1.445244055068836,0.5360691425617334,-0.109249915237136,test
0.31539424280350437,1.7455438819592832,1.4550062578222778,0.5414239051610767,-0.25088628102407134,train
0.3304130162703379,1.897960901971203,1.4647684605757196,0.5461776304165449,-0.1129851890210615,train
0.3454317897371715,2.084757191347899,1.4745306633291615,0.5503527402346606,0.05987378778407677,train
0.360450563204005,1.7608194842769045,1.4842928660826034,0.5539726497266854,-0.2774460315323842,test
0.37546933667083854,2.351770721909905,1.494055068836045,0.5570616854069723,0.30065396766688746,train
0.3904881101376721,1.9735440171946008,1.5038172715894869,0.5596450013611513,-0.0899182557560371,train
0.4055068836045056,2.196491181580666,1.5135794743429287,0.5617484936158462,0.12116321362189095,train
0.42052565707133915,2.491396513215188,1.5233416770963704,0.5633987129460802,0.4046561231727375,test
0.4355444305381727,1.7999593610212992,1.5331038798498122,0.5646227763603505,-0.29776729518886363,train
0.45056320400500627,2.0229228971986255,1.542866082603254,0.565448277506561,-0.08539146291118938,train
0.46558197747183977,2.0641867382391226,1.552628285356696,0.5659031962445451,-0.05434474336211832,train
0.4806007509386733,1.9608215478672115,1.5623904881101378,0.5660158076328248,-0.16758474787575103,test
0.4956195244055069,2.33794477218689,1.5721526908635794,0.5658145905785035,0.19997749074480725,train
0.5106382978723404,2.1131000974965,1.5819148936170213,0.5653281363997831,-0.03414293252030479,train
0.5256570713391739,2.386375880299821,1.591677096370463,0.5645850575505416,0.2301137263788164,train
0.5406758448060075,2.0653193144674327,1.6014392991239048,0.5636138967556801,-0.09973388141215243,test
0.5556946182728411,2.2374190318806026,1.6112015018773467,0.5624430368045816,0.06377449319867451,train
0.5707133917396746,2.1028146048586724,1.6209637046307885,0.561100611247996,-0.07924971102011204,train
0.5857321652065082,2.1139395347133703,1.6307259073842304,0.5596144162409892,-0.07640078891184916,train
0.6007509386733416,2.2395546263822252,1.640488110137672,0.5580118237712921,0.0410546924732607,test
0.6157697121401752,2.3107979594518753,1.650250312891114,0.5563196965084382,0.10422795005232334,train
0.6307884856070087,2.0608229165729566,1.6600125156445558,0.5545643045045178,-0.1537539035761171,train
0.6458072590738423,2.071104702330766,1.6697747183979974,0.5527712439722136,-0.1514412600394446,train
0.6608260325406758,2.1124755393159433,1.6795369211514393,0.5509653583600174,-0.11802674019551329,test
0.6758448060075094,2.2120308995640805,1.6892991239048811,0.5491706619381852,-0.02643888627898576,train
0.690863579474343,1.9923160025892621,1.699061326658323,0.5474102661020919,-0.2541555901711525,train
0.7058823529411764,2.2058296095840224,1.7088235294117646,0.5457063085921938,-0.048700228419936036,train
0.72090112640801,2.4659402127964665,1.7185857321652065,0.5440798858218455,0.2032745948094145,test
0.7359198998748435,2.029652470530671,1.7283479349186484,0.5425509884957355,-0.24124645288371308,train
0.7509386733416771,2.23437529327836,1.73811013767209,0.5411384406927603,-0.044873285086490196,train
0.7659574468085106,2.6051607812614566,1.7478723404255319,0.5398598425777423,0.3174285982581825,train
0.7809762202753442,2.1898133632444767,1.7576345431789737,0.5387315168965553,-0.10655269683105217,test
0.7959949937421777,2.141759102712258,1.7673967459324156,0.5377684593989687,-0.16340610261912664,train
0.8110137672090112,2.3630671731384045,1.7771589486858574,0.5369842933229045,0.04892393112964266,train
0.8260325406758448,2.3224912787994056,1.786921151439299,0.5363912280628061,-0.0008211007026995451,train
0.8410513141426783,2.4864226248564485,1.796683354192741,0.5360000221335282,0.15373924853017945,test
0.8560700876095119,2.0560646283688384,1.8064455569461826,0.535819950529557,-0.286200879106901,train
0.8710888610763454,2.362155353911132,1.8162077596996244,0.535858776567514,0.010088817643993655,train
0.886107634543179,2.3811479527137536,1.8259699624530663,0.5361227282878057,0.01905526197288144,train
0.9011264080100125,2.3559978807091526,1.8357321652065082,0.5366164794789992,-0.016350763976354567,test
0.916145181476846,2.254339813251266,1.84549436795995,0.5373431353760431,-0.12849769008472678,train
0.9311639549436795,2.430229564686591,1.8552565707133917,0.5383042230708683,0.03666877090233102,train
0.9461827284105131,2.6210641908640095,1.8650187734668335,0.5394996866612107,0.21654573073596517,train
0.9612015018773467,2.4308852157052256,1.8747809762202754,0.5409278871507393,0.015176352334210786,test
0.9762202753441802,2.456636892276077,1.884543178973717,0.5425856071007832,0.029508106201576838,train
0.9912390488110138,2.5060487207434883,1.894305381727159,0.5444680600211549,0.06727527899517446,train
1.0062578222778473,2.409793255904971,1.9040675844806008,0.5465689044748067,-0.04084323305043647,train
1.0212765957446808,2.3418806572666497,1.9138297872340426,0.5488802628583646,-0.12082939282575712,test
1.0362953692115144,2.5315245130919775,1.9235919899874845,0.5513927448079897,0.05653977829650301,train
1.0513141426783479,2.754644928265461,1.9333541927409261,0.5540954751675529,0.2671952603569817,train
1.0663329161451816,2.617482070377071,1.943116395494368,0.5569761264438146,0.11738954843888873,train
1.081351689612015,2.47103634774406,1.9528785982478096,0.5600209556612032,-0.0418632061649529,test
1.0963704630788484,2.739109960098916,1.9626408010012515,0.5632148455169192,0.21325431358074526,train
1.1113892365456821,2.7047148696436327,1.9724030037546934,0.5665413497254759,0.16577051616346314,train
1.1264080100125156,2.771118090900404,1.9821652065081352,0.569982742430486,0.218970141961783,train
1.1414267834793492,2.2264601758747795,1.991927409261577,0.573520071550495,-0.3389873049372926,test
1.1564455569461827,2.6186553838506206,2.001689612015019,0.5771332159150239,0.03983255592057762,train
1.1714643304130163,2.919239906632279,2.011451814768461,0.5808009460367162,0.32698714582710225,train
1.1864831038798498,2.919434121391321,2.0212140175219027,0.5845009883556237,0.31371911551379456,train
1.2015018773466832,2.608300311320344,2.030976220275344,0.5882100927822309,-0.010886001737231038,test
1.216520650813517,2.526523913725922,2.040738423028786,0.5919041033568466,-0.1061186126597104,train
1.2315394242803503,2.4980933309391484,2.050500625782228,0.5955580318344972,-0.14796532667757664,train
1.246558197747184,2.650009694253854,2.0602628285356697,0.5991461339964594,-0.009399268278275119,train
1.2615769712140175,2.6573242754247204,2.0700250312891115,0.6026419884821024,-0.015342744346493256,test
1.2765957446808511,2.7633953210791926,2.0797872340425534,0.6060185779277808,0.07758950910885838,train
1.2916145181476846,2.663395488283979,2.089549436795995,0.6092483721931552,-0.035402320705171096,train
1.306633291614518,2.59270859877843,2.0993116395494367,0.612303413449526,-0.11890645422053264,train
1.3216520650813517,2.679859849189382,2.1090738423028785,0.6151554028995738,-0.044369396013070335,test
1.3366708385481851,2.698894129273112,2.1188360450563204,0.6177757888933053,-0.0377177046765138,train
1.3516896120150188,2.657616122276954,2.1285982478097623,0.6201358562010447,-0.09111798173385277,train
1.3667083854818523,2.501615451529989,2.138360450563204,0.6222068162009589,-0.2589518152341737,train
1.381727158948686,2.735360571787563,2.148122653316646,0.623959897735911,-0.03672197926499421,test
1.3967459324155194,2.6811131047634813,2.157884856070088,0.6253664383923814,-0.10213818969898819,train
1.4117647058823528,2.731264826301809,2.1676470588235293,0.6263979759527869,-0.06278020847450723,train
1.4267834793491865,2.6190017194388306,2.177409261576971,0.6270263397717849,-0.18543388190992507,train
1.44180225281602,2.9198475323861772,2.187171464330413,0.6272237418270545,0.10545232622870973,test
1.4568210262828536,2.890825887577914,2.196933667083855,0.6269628671956169,0.06692935329844224,train
1.471839799749687,2.3996266493555307,2.2066958698372967,0.6262169637079749,-0.4332861841897407,train
1.4868585732165207,3.014934970438728,2.2164580725907386,0.6249599305342343,0.17351696731375513,train
1.5018773466833542,2.866757417747853,2.22622027534418,0.6231664054588906,0.017370736944782132,test
1.5168961201501876,2.933972213536173,2.235982478097622,0.6208118506041344,0.07717788483441651,train
1.5319148936170213,2.971137373943627,2.2457446808510637,0.6178726363653289,0.1075200567272344,train
1.5469336670838547,3.001248553835619,2.2555068836045056,0.6143261233267444,0.13141554690436888,train
1.5619524405506884,2.660956881381595,2.2652690863579474,0.6101507419306674,-0.21446294690702025,test
1.5769712140175218,3.152981310828012,2.2750312891113893,0.6053260696786474,0.272623952037975,train
1.5919899874843555,2.7590504169371806,2.284793491864831,0.5998329056498671,-0.12557598057751773,train
1.607008760951189,2.8294859501865943,2.294555694618273,0.593653342128419,-0.058723086560097684,train
1.6220275344180224,3.0320584010123226,2.304317897371715,0.5867708331386148,0.14096967050199313,test
1.637046307884856,2.5895679073977416,2.3140801001251567,0.5791702596953381,-0.30368245242275305,train
1.6520650813516895,3.149634240351924,2.323842302878598,0.5708379915848396,0.25495394588848597,train
1.6670838548185232,2.7821186030602525,2.33360450563204,0.5617619455002588,-0.1132478480720461,train
1.6821026282853566,2.8023830014203552,2.343366708385482,0.5519316393655066,-0.09291534633063292,test
1.6971214017521903,3.3348539421278223,2.3531289111389238,0.5413382426909357,0.4403867882979628,train
1.7121401752190237,2.6080696202073144,2.362891113892365,0.5299746228144419,-0.284796116499493,train
1.7271589486858572,2.565474244259168,2.372653316645807,0.5178353868922358,-0.3250144592788748,train
1.7421777221526908,2.955372312942293,2.382415519399249,0.5049169195144976,0.06803987402854665,test
1.7571964956195243,2.6991496255278737,2.3921777221526908,0.49121741583242895,-0.18424551245724555,train
1.772215269086358,2.7062410687228313,2.4019399249061326,0.47673691009481894,-0.17243576627812038,train
1.7872340425531914,2.836986710046188,2.4117021276595745,0.46147729950413613,-0.03619271711752264,train
1.802252816020025,2.921612842274234,2.4214643304130163,0.445442363314273,0.05470614854694473,test
1.8172715894868585,2.816922214184113,2.431226533166458,0.4286377771044275,-0.042942096086772755,train
1.832290362953692,2.952802010593222,2.4409887359199,0.4110711221761131,0.10074215249720916,train
1.8473091364205256,2.595305312403048,2.450750938673342,0.392751890032974,-0.2481975163032678,train
1.862327909887359,3.080770635802423,2.4605131414267833,0.37369148191586365,0.246566012459776,test
1.8773466833541927,2.497938987365298,2.4702753441802257,0.3539032033785079,-0.3262395601934354,train
1.8923654568210262,2.8371416972980494,2.480037546933667,0.3334022539020073,0.02370189646237514,train
1.9073842302878599,3.1188423152608666,2.489799749687109,0.31220571155934695,0.3168368540144108,train
1.9224030037546933,2.694658954088352,2.499561952440551,0.2903325127540158,-0.09523551110621509,test
1.9374217772215268,2.953190830023817,2.509324155193992,0.26780342706967797,0.1760632477601468,train
1.9524405506883604,2.572743312079336,2.519086357947434,0.24464102728063652,-0.1909840731487346,train
1.9674593241551939,2.503533291272002,2.528848560700876,0.22086965458546776,-0.24618492401434128,train
1.9824780976220275,2.4034556923558967,2.538610763454318,0.19651537913871536,-0.33167045023713654,test
1.997496871088861,2.6267455915661917,2.5483729662077597,0.1716059559678594,-0.09323333060942762,train
2.0125156445556946,2.99724007295474,2.5581351689612015,0.1461707763748603,0.29293412761867843,train
2.0275344180225283,2.746189702515379,2.5678973717146434,0.1202408149334527,0.05805151586728298,train
2.0425531914893615,2.7972445743013155,2.5776595744680852,0.09384857220491558,0.12573642762831483,test
2.057571964956195,3.19330390617708,2.587421777221527,0.06702801330632162,0.5388541156492312,train
2.072590738423029,2.6781168414175114,2.597183979974969,0.0398145024762003,0.04111835896634177,train
2.087609511889862,2.5689446159568345,2.6069461827284104,0.01224473379307954,-0.050246300564655545,train
2.1026282853566958,2.6428597416100414,2.6167083854818523,-0.015643341787445003,0.04179469791563404,test
2.1176470588235294,2.759448645008396,2.626470588235294,-0.043810592901723205,0.17678864967482544,train
2.132665832290363,2.5681982023316516,2.636232790988736,-0.07221678756849231,0.004182198911407797,train
2.1476846057571963,2.6038776701609194,2.6459949937421774,-0.10082067610724169,0.058703352525983826,train
2.16270337922403,2.476060172246263,2.6557571964956193,-0.1295800769826957,-0.050116947266660605,test
2.1777221526908637,2.491304027779894,2.665519399249061,-0.1584519653657756,-0.015763406103391765,train
2.192740926157697,2.7526993840903953,2.675281602002503,-0.18739256419416586,0.26481034628205846,train
2.2077596996245306,2.3837670563874016,2.685043804755945,-0.21635743750886754,-0.08491931085967547,train
2.2227784730913642,2.505276446208053,2.6948060075093867,-0.24530158583698192,0.05577202453564856,test
2.237797246558198,2.4015459502902248,2.7045682102628286,-0.27417954338544426,-0.02884271658715942,train
2.252816020025031,2.447540520189115,2.7143304130162704,-0.30294547680545225,0.03615558397829696,train
2.267834793491865,2.2318591006377555,2.7240926157697123,-0.33155328528301775,-0.16068022984893926,train
2.2828535669586985,2.409157011609891,2.733854818523154,-0.3599567017073757,0.035258894794112365,test
2.2978723404255317,2.35087605233729,2.7436170212765956,-0.3881093946659231,-0.004631574273382418,train
2.3128911138923653,2.504250997553878,2.7533792240300374,-0.41596507101193925,0.16683684453577996,train
2.327909887359199,2.2669522400086093,2.7631414267834797,-0.44347757874958993,-0.05271160802528025,train
2.3429286608260327,2.4891113854954003,2.7729036295369216,-0.47060100997962084,0.1868087659380997,test
2.357947434292866,2.5412475488735202,2.7826658322903626,-0.4972898036486869,0.25587152023184456,train
2.3729662077596996,2.340020570103206,2.792428035043805,-0.5234988478455167,0.0710913829049181,train
2.3879849812265332,2.2781950330158875,2.8021902377972467,-0.5491835813879611,0.025188376606602007,train
2.4030037546933665,2.2854658378636046,2.811952440550688,-0.5743000944465679,0.04781349175948422,test
2.4180225281602,2.3765168036647704,2.82171464330413,-0.5988052279524739,0.15360738831311416,train
2.433041301627034,2.190540945039129,2.831476846057572,-0.6226566715403034,-0.01827922947813924,train
2.4480600750938675,2.414095167379917,2.8412390488110137,-0.6458130597802278,0.21866917834913135,train
2.4630788485607007,2.3798825001515653,2.8510012515644556,-0.6682340664575043,0.19711531504461408,test
2.4780976220275344,2.194578266849995,2.8607634543178975,-0.6898804966625242,0.02369530919462165,train
2.493116395494368,2.0875519167031378,2.8705256570713393,-0.7107143764598132,-0.07225936390838879,train
2.5081351689612013,2.3850935041607366,2.880287859824781,-0.7306990399103597,0.23550468424631515,train
2.523153942428035,1.9726101517268888,2.890050062578223,-0.7497992132282223,-0.16764069762311226,test
2.5381727158948686,2.0270849324534814,2.899812265331665,-0.7679810958594429,-0.10474623701874056,train
2.5531914893617023,1.9193549635278422,2.909574468085107,-0.785212438279011,-0.2050070662782536,train
2.5682102628285355,2.023535312685386,2.919336670838548,-0.8014626163097541,-0.09433874184340799,train
2.583229036295369,2.314659250536268,2.92909887359199,-0.8167027017757775,0.20226307872005583,test
2.598247809762203,2.204178539666051,2.938861076345432,-0.8309055293122167,0.09622299263283576,train
2.613266583229036,2.1406250316277684,2.9486232790988733,-0.8440457591627457,0.036047511691640374,train
2.6282853566958697,2.1887025257804793,2.958385481852315,-0.8560999358063283,0.0864169797344926,train
2.6433041301627034,2.335586568467232,2.968147684605757,-0.8670465422652127,0.2344854261266874,test
2.658322903629537,2.025068427603724,2.977909887359199,-0.8768660499570238,-0.0759754097984508,train
2.6733416770963703,2.1879250915189923,2.987672090112641,-0.8855409639650458,0.08579396537139741,train
2.688360450563204,2.196746614323126,2.9974342928660827,-0.8930558636123257,0.09236818506936871,train
2.7033792240300376,2.0748988365181256,3.0071964956195245,-0.8993974382370847,-0.0329002208643141,test
2.718397997496871,1.968973551648889,3.0169586983729664,-0.9045545180790302,-0.1434306286450469,train
2.7334167709637045,1.8605401140175821,3.0267209011264082,-0.9085181001985118,-0.2576626869103145,train
2.748435544430538,1.8782888558062325,3.03648310387985,-0.9112813693630047,-0.24691287871061268,train
2.763454317897372,2.042944528417335,3.046245306633292,-0.9128397138481308,-0.0904610643678259,test
2.778473091364205,2.2679151064086085,3.0560075093867334,-0.9131907361132672,0.12509833313514224,train
2.7934918648310387,2.2337246088319604,3.0657697121401752,-0.9123342583247671,0.08028915501655191,train
2.8085106382978724,2.4674489275083693,3.075531914893617,-0.9102723227128235,0.3021893353275757,train
2.8235294117647056,2.1209234786453957,3.0852941176470585,-0.9070091867610874,-0.05736145224057531,test
2.8385481852315393,2.3507688986804225,3.0950563204005004,-0.9025513132412056,0.15826389152112774,train
2.853566958698373,2.0390204155561236,3.1048185231539422,-0.8969073551174787,-0.1688907524803399,train
2.8685857321652066,2.385985914017312,3.114580725907384,-0.8900881353598127,0.16149332346974038,train
2.88360450563204,2.258049889534778,3.124342928660826,-0.8821066217160028,0.015813582589954994,test
2.8986232790988735,2.4745046949992053,3.134105131414268,-0.8729778965071242,0.2133774600920618,train
2.913642052565707,2.291631244051178,3.1438673341677097,-0.862719121522383,0.010483031405851436,train
2.9286608260325404,1.8654134724912441,3.1536295369211516,-0.85134949810215,-0.43686656632775744,train
2.943679599499374,2.482299918440956,3.1633917396745934,-0.8388902225100483,0.15779840127641076,test
2.9586983729662077,2.4902613762848174,3.1731539424280353,-0.8253644367068492,0.14247187056363156,train
2.9737171464330414,2.070534112330985,3.182916145181477,-0.810797174650526,-0.3015848581999662,train
2.9887359198998746,2.2206392702186513,3.1926783479349186,-0.7952153042580806,-0.17682377345818676,train
3.0037546933667083,2.53961241123312,3.2024405506883604,-0.7786474651756918,0.1158193257204511,test
3.018773466833542,2.549721704679906,3.2122027534418023,-0.7611240025142575,0.09864295375236115,train
3.033792240300375,2.7886003990799932,3.2219649561952437,-0.7426768967175607,0.30931233960231,train
3.048811013767209,2.741408175132179,3.2317271589486856,-0.7233396897399624,0.23302070592345542,train
3.0638297872340425,2.5388301209495108,3.2414893617021274,-0.7031474077198173,0.000488166967200686,test
3.078848560700876,2.281551589043725,3.2512515644555697,-0.6821364803435112,-0.2875634950683338,train
3.0938673341677094,2.5641050211814975,3.261013767209011,-0.6603446571033447,-0.03656408892416931,train
3.108886107634543,2.615294578608364,3.270775969962453,-0.637810920660163,-0.017670470693926032,train
3.1239048811013768,2.674817268201551,3.280538172715895,-0.614575397528887,0.008854493014543144,test
3.13892365456821,2.9744003490041577,3.2903003754693367,-0.5906792663116536,0.27477923984647434,train
3.1539424280350437,2.5668598217601737,3.3000625782227786,-0.5661646637093908,-0.16703809275321405,train
3.1689612015018773,2.9351889546029653,3.3098247809762205,-0.5410745885480568,0.16643876217480127,train
3.183979974968711,3.1839621397182505,3.3195869837296623,-0.5154528040606328,0.3798279600492209,test
3.198998748435544,2.724158116394982,3.3293491864831037,-0.4893437386701644,-0.1158473314179572,train
3.214017521902378,2.7701904671997934,3.3391113892365456,-0.46279238552275287,-0.10612853651399955,train
3.2290362953692116,3.068402188203524,3.3488735919899875,-0.43584420102230975,0.1553727972358466,train
3.2440550688360448,3.1619456205305476,3.3586357947434293,-0.4085450026212114,0.2118548284083298,test
3.2590738423028784,2.942789025098182,3.368397997496871,-0.3809408661225847,-0.04466810627610445,train
3.274092615769712,3.049087805646662,3.378160200250313,-0.3530780227510012,0.024005628147349876,train
3.289111389236546,2.8318085819615355,3.387922403003755,-0.325002756248575,-0.2311110647936447,train
3.304130162703379,3.237565815958981,3.3976846057571963,-0.29676130025321434,0.13664251045499878,test
3.3191489361702127,3.031864274504554,3.407446808510638,-0.26839973621467034,-0.10718279779141418,train
3.3341677096370463,3.1881055453652887,3.41720901126408,-0.23996389210245517,0.010860426203664175,train
3.3491864831038796,3.1669618678849956,3.426971214017522,-0.21149924215727434,-0.04851010397525191,train
3.3642052565707132,3.4076105657035503,3.436733416770964,-0.18305080793474243,0.15392795686732869,test
3.379224030037547,3.2051497083092486,3.4464956195244056,-0.15466306088647452,-0.08668285032868227,train
3.3942428035043806,3.163295751036321,3.4562578222778475,-0.12637982671943873,-0.16658224452208784,train
3.409261576971214,3.3594156530678623,3.466020025031289,-0.09824419176956822,-0.008360180193858733,train
3.4242803504380475,3.6024975775123327,3.475782227784731,-0.0702984116201944,0.19701376134779658,test
3.439299123904881,3.4108694162343873,3.4855444305381726,-0.042583822189770706,-0.032091192114014684,train
3.4543178973717144,3.8077271683576086,3.4953066332916145,-0.015140753506747096,0.32756128857274086,train
3.469336670838548,3.6362788835951125,3.5050688360450564,0.011991553617775597,0.11921849393228026,train
3.4843554443053817,3.5017003910536824,3.5148310387984982,0.03877502781665354,-0.05190567556146953,test
3.4993742177722154,3.5786239216279174,3.52459324155194,0.06517284409795811,-0.011142164021980929,train
3.5143929912390486,3.713787966262112,3.5343554443053815,0.09114949729492847,0.08828302466180206,train
3.5294117647058822,3.8815088792335324,3.5441176470588234,0.11667087185797882,0.2207203603167301,train
3.544430538172716,4.086870961641553,3.5538798498122652,0.14170430782171345,0.39128680400757493,test
3.559449311639549,3.941731492314226,3.563642052565707,0.16621866279009834,0.21187077695842083,train
3.574468085106383,3.9256249663761,3.573404255319149,0.1901843697933575,0.16203634126359323,train
3.5894868585732165,3.93972833892267,3.583166458072591,0.21357349088109673,0.14298838996898244,train
3.60450563204005,4.043169404210337,3.5929286608260327,0.23635976632734307,0.21388097705696113,test
3.6195244055068834,3.6281762270010285,3.602690863579474,0.25851865933474527,-0.2330332959131907,train
3.634543178973717,4.070220695985046,3.612453066332916,0.28002739613696953,0.17774023351516105,train
3.6495619524405507,3.9150726464466548,3.622215269086358,0.3008650014104217,-0.008007624050124723,train
3.664580725907384,4.165821398114755,3.6319774718397997,0.3210123289186949,0.21283159735626042,test
3.6795994993742176,4.2599155333039835,3.6417396745932415,0.3404520873256522,0.2777237713850903,train
3.6946182728410513,4.08401137907488,3.6515018773466834,0.35916886112563956,0.07334064060255736,train
3.709637046307885,3.818574456792083,3.6612640801001253,0.3771491266521566,-0.21983874996019914,train
3.724655819774718,3.9170916627977377,3.6710262828535667,0.39438126313909505,-0.14831588319492348,test
3.739674593241552,3.8677145284754655,3.6807884856070086,0.4108555588216099,-0.22392951595315316,train
3.7546933667083855,4.346513537537188,3.690550688360451,0.4265642120765994,0.2293986371001381,train
3.7697121401752187,4.1467466902786745,3.7003128911138923,0.4415013276157037,0.004932471549077857,train
3.7847309136420524,3.8342351246848736,3.710075093867334,0.45566290775659357,-0.33150287693905417,test
3.799749687108886,4.092865931281858,3.719837296620776,0.46904683881113957,-0.09601820415005803,train
3.8147684605757197,3.923504470934538,3.729599499374218,0.4816528726417301,-0.2877479010814099,train
3.829787234042553,4.2701781016120135,3.7393617021276593,0.49348260344955175,0.03733379603480259,train
3.8448060075093866,4.523908800733009,3.7491239048811016,0.5045394398710252,0.27024545598088273,test
3.8598247809762203,4.832079272820854,3.7588861076345434,0.5148285724707342,0.5583645927155766,train
3.8748435544430535,4.418270825278625,3.768648310387985,0.5243569367311152,0.1252655781595245,train
3.889862327909887,4.180839706140966,3.7784105131414267,0.5331331716508231,-0.13070397865128408,train
3.904881101376721,4.141961405638854,3.7881727158948686,0.5411675740750302,-0.18737888433104424,test
3.9198998748435545,4.129185916956885,3.7979349186483105,0.5484720488919296,-0.2172210505833547,train
3.9349186483103877,4.5465306971511295,3.8076971214017523,0.555060055240378,0.18377352050899906,train
3.9499374217772214,4.409972525069277,3.817459324155194,0.5609465488838682,0.03156665203021463,train
3.964956195244055,4.337065729479604,3.827221526908636,0.5661479209158816,-0.05630371834491411,test
3.9799749687108883,4.335555586016832,3.8369837296620775,0.5706819329710842,-0.0721100766163294,train
3.994993742177722,4.25467298033335,3.8467459324155193,0.5745676491257746,-0.1666406012079442,train
4.010012515644555,4.206800004309738,3.856508135168961,0.5778253646794534,-0.22753349553867733,train
4.025031289111389,4.408606369599947,3.866270337922403,0.5804765320173406,-0.03814050033979614,test
4.0400500625782225,4.516500522168214,3.876032540675845,0.5825436837610786,0.057924297731291416,train
4.055068836045057,4.296614550326034,3.8857947434292868,0.5840503534217435,-0.17323054652499748,train
4.07008760951189,4.376757839430998,3.8955569461827286,0.5850209937755744,-0.10382010052730518,train
4.085106382978723,4.657845028406503,3.90531914893617,0.5854808931885734,0.16704498628175923,test
4.100125156445557,4.396500495160695,3.9150813516896124,0.5854560901212289,-0.10403694665014658,train
4.11514392991239,4.593695399604713,3.9248435544430538,0.5849732860491456,0.08387855911251371,train
4.130162703379224,4.098538187506468,3.9346057571964956,0.5840597570392385,-0.4201273267292668,train
4.145181476846058,4.200265721842478,3.9443679599499375,0.5827432642244152,-0.32684550233187437,test
4.160200250312891,4.447018389357306,3.9541301627033794,0.5810519634222739,-0.08816373676834677,train
4.175219023779724,4.73772919036518,3.9638923654568208,0.5790143141453185,0.19482251076304125,train
4.190237797246558,4.500641473872022,3.973654568210263,0.5766589882515015,-0.049672082589742476,train
4.2052565707133915,4.762512841375101,3.9834167709637045,0.5740147784845636,0.20508129192683242,test
4.220275344180225,4.686362701734355,3.9931789737171464,0.5711105071536335,0.12207322086357526,train
4.235294117647059,4.769624553190194,4.002941176470588,0.5679749352009009,0.19870844151870481,train
4.250312891113892,5.001851013064916,4.01270337922403,0.5646366719048541,0.4245109619360316,train
4.265331664580726,4.73490284324371,4.022465581977472,0.5611240854646081,0.1513131758016298,test
4.280350438047559,4.529123507066062,4.032227784730914,0.5574652147082448,-0.06056949237309657,train
4.295369211514393,4.628741025951101,4.041989987484355,0.5536876821648181,0.03306335630192755,train
4.310387984981227,4.674715784945922,4.0517521902377975,0.5498186087358096,0.0731449859723158,train
4.32540675844806,4.64690692092864,4.0615143929912385,0.545884530197307,0.03950799774009446,test
4.340425531914893,4.782222575430283,4.071276595744681,0.5419113157590647,0.16903466392653702,train
4.355444305381727,4.665570065598949,4.081038798498122,0.5379240889009013,0.04660717819992591,train
4.370463078848561,4.772356065252312,4.090801001251565,0.5339471507006,0.14760791330014775,train
4.385481852315394,4.595432077760612,4.100563204005006,0.5300039058606217,-0.03513503210501601,test
4.400500625782228,4.762770552752015,4.110325406758449,0.5261167916335515,0.12632835436001486,train
4.415519399249061,4.54223233334655,4.12008760951189,0.5223072098382702,-0.10016248600360957,train
4.430538172715894,4.664472408011371,4.1298498122653315,0.5185954621504162,0.016027133595623334,train
4.4455569461827285,4.634749539591745,4.139612015018773,0.5150006888417963,-0.019863164268825166,test
4.460575719649562,4.797806820528805,4.149374217772215,0.5115408111340306,0.13689179162256024,train
4.475594493116396,4.72876530245062,4.159136420525657,0.5082324773219131,0.06139640460305,train
4.490613266583229,4.666252935018356,4.168898623279099,0.5050910128117603,-0.0077367010725030525,train
4.505632040050062,4.868888346831917,4.178660826032541,0.5021303742094189,0.18809714658995674,test
4.520650813516896,4.822984685006433,4.188423028785983,0.4993631075816648,0.13519854863878483,train
4.53566958698373,4.546282466700101,4.198185231539425,0.4968003110034406,-0.1487030758427638,train
4.550688360450563,4.667445834275394,4.2079474342928656,0.4944516014918166,-0.03495320150928799,train
4.565707133917397,4.77178675369895,4.217709637046308,0.4923250864157265,0.06175203023691534,test
4.58072590738423,5.088647269954604,4.227471839799749,0.49042733945845585,0.3707480906963998,train
4.595744680851063,4.954428244809117,4.237234042553191,0.4887633811975912,0.22843082105833448,train
4.6107634543178975,4.660627023356523,4.246996245306633,0.4873366643547033,-0.07370588630481391,train
4.625782227784731,4.57297754487777,4.256758448060075,0.4861490637544496,-0.16992996693675472,test
4.640801001251564,4.998904993645912,4.266520650813517,0.4852008710201086,0.24718347181228628,train
4.655819774718398,4.780836785369157,4.2762828535669595,0.4844907940197966,0.020063137782400643,train
4.670838548185231,4.576552554636095,4.2860450563204004,0.4840159610648341,-0.1935084627491397,train
4.685857321652065,4.648860820786968,4.295807259073843,0.48377192984892675,-0.1307183681358015,test
4.700876095118899,4.957791796982404,4.305569461827284,0.48375270110407004,0.16846963405105028,train
4.715894868585732,4.949472025508087,4.315331664580725,0.48395073693637414,0.15018962399098798,train
4.730913642052566,4.786003030399879,4.325093867334168,0.48435698379241043,-0.023447820726698897,train
4.745932415519399,4.652293085116088,4.33485607008761,0.48496089999420045,-0.16752388496572204,test
4.760951188986232,4.708947580846191,4.344618272841052,0.4857504877686568,-0.12142117976351792,train
4.7759699624530665,4.76740583309631,4.3543804755944935,0.48671232968516825,-0.07368697218335064,train
4.7909887359199,4.608854095108153,4.364142678347935,0.48783162940313046,-0.24312021264291267,train
4.806007509386733,4.822679387285955,4.373904881101376,0.48909225661959127,-0.04031775043501315,test
4.821026282853567,4.7164503290843935,4.383667083854819,0.49047679609583356,-0.157693550866259,train
4.8360450563204,4.853699860172274,4.39342928660826,0.49196660063069847,-0.03169602706668483,train
4.8510638297872335,4.683010902111889,4.403191489361702,0.49354184783776633,-0.21372243508758018,train
4.866082603254068,5.008955576142563,4.412953692115144,0.4951816005732143,0.10082028345420577,test
4.881101376720901,4.859067313763806,4.422715894868586,0.49686387085127265,-0.06051245195605204,train
4.896120150187735,5.084152533411004,4.4324780976220275,0.49856568707472554,0.15310874871425084,train
4.911138923654568,5.012378019399988,4.442240300375469,0.5002631643988843,0.06987455462563458,train
4.926157697121401,4.948694640396046,4.452002503128911,0.50193157803893,-0.005239440771794309,test
4.9411764705882355,4.784163827138698,4.461764705882353,0.5035454393224688,-0.18114631806612366,train
4.956195244055069,5.032621759761505,4.471526908635795,0.5050785742816376,0.05601627684407247,train
4.971214017521902,4.772643145653755,4.481289111389236,0.5065042045721121,-0.21515017030759204,train
4.986232790988736,4.817286737347209,4.491051314142679,0.5077950304999502,-0.18155960729541953,test
5.001251564455569,4.965418213488733,4.50081351689612,0.5089233159313686,-0.04431861933875531,train
5.0162703379224025,4.7172952874222105,4.510575719649562,0.5098609748552932,-0.30314140708264486,train
5.031289111389237,5.501967211970898,4.520337922403003,0.5105796593638827,0.4710496302040124,train
5.04630788485607,4.998206006380368,4.530100125156446,0.5110508488121961,-0.04294496758827477,test
5.061326658322903,4.680933068645766,4.539862327909887,0.5112459399147808,-0.37017519917890285,train
5.076345431789737,5.303970193406802,4.54962453066333,0.511136337534197,0.24320932520927616,train
5.09136420525657,5.171321580732148,4.559386733416771,0.5106935459143717,0.10124130140100615,train
5.1063829787234045,5.169812438823336,4.569148936170214,0.5098892601102276,0.09077424254289486,test
5.121401752190238,5.138403653055867,4.5789111389236545,0.5086954573642086,0.050797056768004695,train
5.136420525657071,4.849759265161932,4.588673341677096,0.5070844881801788,-0.2459985646953432,train
5.151439299123905,5.231334481157601,4.598435544430538,0.5050291668456799,0.12786976988138302,train
5.166458072590738,5.009236374217771,4.60819774718398,0.5025028611546903,-0.10146423412089922,test
5.1814768460575715,4.934169762266736,4.617959949937422,0.4994795810848496,-0.18326976875553588,train
5.196495619524406,5.042832610251766,4.627722152690864,0.49593406618557717,-0.08082360862467458,train
5.211514392991239,5.066721925490137,4.637484355444306,0.4918418714366253,-0.06260430139079368,train
5.226533166458072,5.218448061852669,4.647246558197747,0.4871794513403434,0.08402205231457924,test
5.241551939924906,5.430232298292342,4.657008760951189,0.481924242015315,0.2912992953258379,train
5.256570713391739,5.32476552581797,4.66677096370463,0.47605474106399753,0.1819398210493426,train
5.271589486858573,4.992684578791914,4.676533166458072,0.46955058499258817,-0.1533991726587471,train
5.286608260325407,5.175165597376874,4.686295369211514,0.46239262396751357,0.02647760419784663,test
5.30162703379224,5.254324598681377,4.696057571964956,0.4545629936996847,0.10370403301673657,train
5.316645807259074,4.801870879306795,4.705819774718398,0.4460451842549386,-0.3499940796665416,train
5.331664580725907,4.665764391197073,4.71558197747184,0.4368241055969577,-0.4866416918717238,train
5.3466833541927405,4.760580152691357,4.725344180225282,0.4268861496772563,-0.3916501772111805,test
5.361702127659575,5.118495512191406,4.735106382978723,0.4162192488957096,-0.032830119683026675,train
5.376720901126408,5.092220210477729,4.744868585732165,0.40481293076437025,-0.05746130601880655,train
5.391739674593241,5.135454596945594,4.754630788485606,0.392658368617096,-0.01183456015710876,train
5.406758448060075,5.250271487685722,4.764392991239049,0.37974842821768073,0.10613006822899144,test
5.421777221526908,5.006087057814661,4.77415519399249,0.36607771012975354,-0.13414584630758375,train
5.436795994993742,5.085476283453763,4.783917396745933,0.351642587722617,-0.05008370101478785,train
5.451814768460576,4.9140123502460655,4.793679599499374,0.336441240698527,-0.2161084899518347,train
5.466833541927409,4.937807539299237,4.8034418022528165,0.3204736840384412,-0.18610794699202082,test
5.481852315394242,5.124888073903457,4.8132040050062574,0.3037417922751478,0.00794227662205159,train
5.496871088861076,5.09558608961501,4.8229662077597,0.28624931901479383,-0.013629437159484822,train
5.51188986232791,5.202702595774021,4.832728410513141,0.2680019116401672,0.10197227362071241,train
5.526908635794744,5.300093710631991,4.842490613266584,0.2490071211415518,0.2085959762238556,test
5.541927409261577,5.033334938232672,4.852252816020025,0.22927440703370153,-0.04819228482105447,train
5.55694618272841,5.113010766327681,4.862015018773467,0.20881513733018808,0.042180610224026326,train
5.571964956195244,4.93234693936965,4.871777221526909,0.18764258355928465,-0.12707286571654286,train
5.5869837296620775,4.916553166960166,4.8815394242803505,0.1657719108184617,-0.13075816813864655,test
5.602002503128911,4.957898948433174,4.891301627033792,0.14322016287746925,-0.07662284147808772,train
5.617021276595745,4.773649953746511,4.901063829787234,0.1200062423529297,-0.2474201183936533,train
5.632040050062578,4.738825464893072,4.910826032540676,0.09615088599024063,-0.26815145363784526,train
5.647058823529411,4.843151611231144,4.920588235294117,0.07167663510131474,-0.14911325916428797,test
5.662077596996245,4.816404510519153,4.93035043804756,0.04660780121944021,-0.16055372874784693,train
5.677096370463079,4.789235838678078,4.940112640801001,0.0209704270449763,-0.17184722916789977,train
5.692115143929912,4.874170706725224,4.949874843554443,-0.005207757232007906,-0.07049637959721107,train
5.707133917396746,4.919996379276346,4.9596370463078845,-0.031897382133929564,-0.007743284897609463,test
5.722152690863579,4.8913564935083205,4.969399249061326,-0.05906749151263849,-0.018975264040367153,train
5.737171464330413,5.017284569115476,4.979161451814768,-0.08668559945943118,0.12480871676013931,train
5.7521902377972465,4.8138038868226705,4.988923654568211,-0.11471775137512803,-0.060402016370412724,train
5.76720901126408,4.7688641743275,4.998685857321652,-0.1431285890562935,-0.08669309393785878,test
5.782227784730914,4.857404197783283,5.008448060075095,-0.17188141964303555,0.02083755735122431,train
5.797246558197747,5.1575592588988455,5.018210262828536,-0.20093828826368837,0.34028728433399824,train
5.81226533166458,4.979090132803098,5.027972465581977,-0.23026005420185217,0.18137772142297343,train
5.827284105131414,4.81403997393757,5.037734668335419,-0.2598064704019399,0.03611177600409072,test
5.842302878598248,4.6409499877833165,5.047496871088861,-0.2895362661205315,-0.11701061718501281,train
5.857321652065081,4.751867340326044,5.057259073842303,-0.31940723252247005,0.014015499006210255,train
5.872340425531915,4.64026435359942,5.067021276595745,-0.34937631101275757,-0.07738061198356717,train
5.887359198998748,4.585144049806211,5.076783479349187,-0.3793996840879783,-0.11223974545499683,test
5.902377972465581,4.516953728121792,5.086545682102628,-0.4094328684842794,-0.16015908549655652,train
5.9173967459324155,4.765493672961371,5.096307884856071,-0.4394308103926372,0.10861659849793796,train
5.932415519399249,4.9830322349222955,5.1060700876095115,-0.46934798250664245,0.34631012981942627,train
5.947434292866083,4.597402805463465,5.115832290362954,-0.4991384826629677,-0.019291002236522168,test
5.962453066332916,4.347122032471241,5.125594493116395,-0.5287561338302933,-0.249716326814861,train
5.977471839799749,4.741821024030738,5.135356695869837,-0.558154585198773,0.16461891335967446,train
5.992490613266583,4.674999454581658,5.145118898623279,-0.5872874141189415,0.11716797007732084,train
6.007509386733417,4.438050219123561,5.154881101376721,-0.6161082286364933,-0.10072265361666714,test
6.02252816020025,4.313180034994246,5.164643304130163,-0.6445707703676206,-0.20689249876829657,train
6.037546933667084,4.412216735129566,5.174405506883605,-0.6726290174583155,-0.08955975429572331,train
6.052565707133917,4.502408837723873,5.184167709637046,-0.7002372873706617,0.018478415457488722,train
6.06758448060075,4.4322834228744945,5.193929912390487,-0.7273503392392255,-0.03429615027676772,test
6.0826032540675845,4.475640820499408,5.20369211514393,-0.7539234755415073,0.02587218089698536,train
6.097622027534418,4.4859675847761205,5.213454317897371,-0.7799126428278871,0.05242590970663624,train
6.112640801001251,4.449401225189806,5.223216520650814,-0.8052745312587071,0.0314592357976998,train
6.127659574468085,4.322401461006267,5.232978723404255,-0.8299666726987942,-0.08061058969919353,test
6.142678347934918,4.281784409419325,5.242740926157698,-0.8539475371233002,-0.10700897961507247,train
6.157697121401752,4.318163436011836,5.2525031289111395,-0.8771766270927398,-0.057163065806563884,train
6.172715894868586,4.409251672579004,5.26226533166458,-0.8996145700598142,0.046600910974238345,train
6.187734668335419,4.342185063941071,5.272027534418022,-0.9212232082759338,-0.008619262201017826,test
6.202753441802253,4.461110601669501,5.281789737171464,-0.9419656860712518,0.12128655056928873,train
6.217772215269086,4.613926339562755,5.291551939924906,-0.9618065342885147,0.28418093392636395,train
6.232790988735919,4.398666019303851,5.301314142678348,-0.9807117516581446,0.07806362828364816,train
6.2478097622027535,4.481107971536822,5.31107634543179,-0.99864888290949,0.16868050901452186,test
6.262828535669587,4.517794337651375,5.320838548185232,-1.0155870934214133,0.21254288288755654,train
6.27784730913642,4.000634104227633,5.3306007509386735,-1.0314972402239937,-0.2984694064870462,train
6.292866082603254,4.115226132031067,5.340362953692115,-1.0463519391722689,-0.17878488248877927,train
6.307884856070087,4.1157253360027415,5.350125156445557,-1.0601256281225233,-0.1742741923202925,test
6.3229036295369205,4.556651461597644,5.359887359198998,-1.0727946259517176,0.2695587283503634,train
6.337922403003755,4.405567274432176,5.369649561952441,-1.0843371872710401,0.12025489975077491,train
6.352941176470588,4.0723060550626515,5.379411764705882,-1.0947335526954565,-0.21237215694777437,train
6.367959949937422,4.072221064459655,5.389173967459325,-1.1039659945422964,-0.21298690845737356,test
6.382978723404255,3.9298278255668575,5.398936170212766,-1.1120188578434325,-0.3570894868024756,train
6.397997496871088,3.9787545495849126,5.4086983729662075,-1.118878596567461,-0.3110652268138342,train
6.4130162703379225,4.6648832706750865,5.41846057571965,-1.1245338049603435,0.37095649991577956,train
6.428035043804756,4.374617499781096,5.428222778473091,-1.1289752439253213,0.0753699652333263,test
6.443053817271589,4.557586262260256,5.437984981226533,-1.1321958623754331,0.25179714340915565,train
6.458072590738423,4.139590587121365,5.447747183979975,-1.134190813504669,-0.1739657833539408,train
6.473091364205256,4.3736406376514205,5.457509386733417,-1.1349574659366435,0.051088716854647796,train
6.4881101376720896,4.2582040606802,5.467271589486859,-1.1344954097226088,-0.07457211908405029,test
6.503128911138924,4.319996696359206,5.4770337922403005,-1.1328064571736574,-0.024230638707437215,train
6.518147684605757,4.174875392465636,5.486795994993742,-1.1298946385250266,-0.18202596400307952,train
6.53316645807259,3.8134828657290907,5.496558197747183,-1.1257661924434732,-0.5573091395746197,train
6.548185231539424,4.43054330281184,5.506320400500626,-1.1204295514017337,0.044652453712946905,test
6.5632040050062574,4.178409766152396,5.516082603254067,-1.113895321957062,-0.22377751514460867,train
6.578222778473092,4.61139926118681,5.52584480600751,-1.1061762599837024,0.1917307151630029,train
6.593241551939925,4.401162555767318,5.535607008760952,-1.0972872409219292,-0.03715721207170434,train
6.608260325406758,4.260172278735034,5.545369211514393,-1.087245225118848,-0.19795170766050996,test
6.623279098873592,4.3735271123871975,5.555131414267835,-1.076069218348572,-0.10553508353206588,train
6.638297872340425,4.66881734333678,5.564893617021276,-1.0637802276115396,0.16770395392704346,train
6.653316645807259,4.597591402469357,5.574655819774718,-1.0504012123246473,0.07333679501928596,train
6.668335419274093,4.190257461341668,5.58441802252816,-1.0359570310255057,-0.35820353016098627,test
6.683354192740926,4.768698864624522,5.594180225281602,-1.0204743837254266,0.19499302306834612,train
6.698372966207759,4.604817100510611,5.603942428035044,-1.00398175005668,0.00485642253224666,train
6.713391739674593,5.115246194835016,5.613704630788486,-0.9865093233701798,0.4880508874167093,train
6.7284105131414265,4.517125171451415,5.623466833541928,-0.96808894094989,-0.13825272114062218,test
6.74342928660826,4.872036464932757,5.6332290362953685,-0.9487540105200033,0.18756143915739215,train
6.758448060075094,4.707283027213249,5.642991239048811,-0.928539433230256,-0.007168778605306586,train
6.773466833541927,4.537887578475246,5.652753441802253,-0.9074815233135023,-0.2073843400135051,train
6.788485607008761,4.734199713474311,5.662515644555695,-0.8856179246180205,-0.04269800646336418,test
6.803504380475594,4.738027506222928,5.672277847309137,-0.862987524224811,-0.07126281686139761,train
6.818523153942428,4.86819273779013,5.682040050062578,-0.8396303633673338,0.025783051094886045,train
6.833541927409262,4.581292494870304,5.691802252816021,-0.8155875458778991,-0.29492221206781744,train
6.848560700876095,5.095548928186465,5.701564455569462,-0.7909011443909335,0.18488561700793757,test
6.863579474342928,4.8415451484219325,5.711326658322903,-0.765614104538916,-0.10416740536205574,train
6.878598247809762,5.1627612132823355,5.721088861076345,-0.7397701473816498,0.18144249958764005,train
6.8936170212765955,4.86075072856423,5.730851063829787,-0.713413670313825,-0.1566866649517324,train
6.908635794743429,5.42510852675189,5.740613266583229,-0.6865896466994059,0.3710849068680663,test
6.923654568210263,4.938926789432204,5.750375469336671,-0.6593435244845072,-0.1521051554199592,train
6.938673341677096,5.123047728870239,5.760137672090113,-0.6317211240426434,-0.005368819177230212,train
6.953692115143929,4.886573614127805,5.769899874843555,-0.6037685355079996,-0.2795577252077508,train
6.968710888610763,5.109704679496254,5.7796620775969965,-0.5755320158533956,-0.09442538224734695,test
6.983729662077597,5.275496921303114,5.789424280350438,-0.5470578859700123,0.03313052692268843,train
6.998748435544431,5.4057578167911045,5.79918648310388,-0.5183924280055906,0.12496376169281519,train
7.013767209011264,5.493133435746166,5.808948685857322,-0.48958178321698553,0.1737665331058292,train
7.028785982478097,5.187250381182699,5.818710888610763,-0.4606718505911849,-0.1707886568368793,test
7.043804755944931,5.4072966369942135,5.828473091364206,-0.43170818648682074,0.010531732116828951,train
7.0588235294117645,5.330498712900582,5.838235294117647,-0.4027359055451474,-0.10500067567191758,train
7.073842302878598,5.571590165682742,5.847997496871089,-0.3737995831159645,0.09739225192761797,train
7.088861076345432,5.548722198770715,5.8577596996245305,-0.3449431594397764,0.03590565858596129,test
7.103879849812265,5.519889913089119,5.867521902377972,-0.31620984582269274,-0.031422143466160894,train
7.118898623279098,5.881907774465853,5.877284105131414,-0.28764203303508906,0.2922657023695282,train
7.133917396745932,5.781533917863633,5.887046307884856,-0.2592812021591509,0.1537688121379283,train
7.148936170212766,5.7185244237651425,5.896808510638298,-0.23116783810372832,0.05288375123057202,test
7.163954943679599,5.633177203177201,5.90657071339174,-0.20334134599785736,-0.0700521642166816,train
7.178973717146433,5.5534234468926496,5.916332916145182,-0.17583997066659884,-0.18706949858593364,train
7.193992490613266,5.866569777284489,5.9260951188986235,-0.1487007193846379,0.08917537777050383,train
7.2090112640801,5.538822810371324,5.935857321652065,-0.12195928809432469,-0.27507522318641653,test
7.2240300375469335,5.918874368485282,5.945619524405507,-0.09564999126578802,0.06890483534556331,train
7.239048811013767,6.177592077380954,5.955381727158948,-0.06980569556693965,0.29201604578894536,train
7.254067584480601,5.7187227447983195,5.965143929912391,-0.044457757501278436,-0.20196342761279312,train
7.269086357947434,6.189730220067736,5.974906132665832,-0.01963596516081649,0.23446005256272098,test
7.284105131414267,5.841801156926578,5.984668335419274,0.004631515769322553,-0.14749869426201792,train
7.299123904881101,6.048755624695959,5.994430538172716,0.028318191629291153,0.026006894893952068,train
7.314142678347935,5.996875933575629,6.0041927409261575,0.05139928591205151,-0.05871609326257914,train
7.329161451814768,5.914722693544063,6.013954943679599,0.07385177979805461,-0.17308402993359112,test
7.344180225281602,6.19782441524065,6.023717146433041,0.09565444800700594,0.07845282080060215,train
7.359198998748435,5.933915107612448,6.033479349186483,0.11678788988903663,-0.2163521314630719,train
7.374217772215268,6.315283398868531,6.043241551939925,0.13723455569001755,0.1348072912385885,train
7.3892365456821025,6.172744328222465,6.053003754693367,0.1569787679383765,-0.037238194409278134,test
7.404255319148936,6.039983792450181,6.062765957446809,0.17600673791352198,-0.19878890291015014,train
7.41927409261577,6.1975663298772545,6.0725281602002505,0.19430657716887084,-0.06926840749186688,train
7.434292866082603,6.320260528387394,6.082290362953692,0.2118683040953042,0.026101861338396877,train
7.449311639549436,6.464147526140764,6.092052565707133,0.22868384552388532,0.14341111490974556,test
7.46433041301627,6.193625585234852,6.101814768460576,0.24474703337954712,-0.1529362166052719,train
7.479349186483104,6.537661359494706,6.111576971214017,0.2600535964103454,0.16603079187034372,train
7.494367959949937,6.154565043866785,6.121339173967459,0.27460114702971483,-0.24137527713038934,train
7.509386733416771,6.319886990990203,6.131101376720902,0.2883891633218301,-0.09960354905252879,test
7.524405506883604,5.9603295729026575,6.140863579474343,0.3014189662727401,-0.4819529728444253,train
7.539424280350437,6.661087241567041,6.1506257822277846,0.3136936923023617,0.19676776703689453,train
7.5544430538172715,6.1491045755508535,6.160387984981226,0.32521826118454467,-0.33650167061491776,train
7.569461827284105,6.400212688726044,6.170150187734668,0.33599933945441973,-0.10593683846304328,test
7.584480600750938,6.451375450860759,6.17991239048811,0.3460452994138741,-0.07458223904122577,train
7.599499374217772,6.713406811616177,6.189674593241552,0.35536617385738956,0.16836604451723544,train
7.614518147684605,6.5842655911706665,6.199436795994994,0.3639736066515272,0.02085518852414545,train
7.629536921151439,6.6826775073838265,6.209198998748436,0.3718807993120287,0.10159770932336173,test
7.644555694618273,6.574558079302859,6.218961201501878,0.3791024537328024,-0.023505575931820684,train
7.659574468085106,6.504840661626465,6.228723404255319,0.38565471123096473,-0.10953745385981778,train
7.67459324155194,6.835539988492833,6.238485607008761,0.3915550880815488,0.2054992934025231,train
7.689612015018773,6.889736371655369,6.248247809762203,0.39682240772449834,0.24466615416866755,test
7.7046307884856065,6.664237097995758,6.258010012515644,0.40147672983506,0.004750355645054505,train
7.719649561952441,6.7180866197457405,6.267772215269087,0.40553927645669013,0.0447751280199633,train
7.734668335419274,6.713438742500387,6.277534418022528,0.4090323554030622,0.026871969074796852,train
7.749687108886107,6.553725851059952,6.28729662077597,0.411979281142686,-0.14555005085870312,test
7.764705882352941,6.838934565057175,6.297058823529412,0.41440429338600465,0.12747144814175948,train
7.779724655819774,7.014241660669762,6.3068210262828535,0.41633247360060543,0.29108816078630284,train
7.7947434292866085,6.616613172954169,6.316583229036295,0.41778965968537185,-0.11775971576749812,train
7.809762202753442,6.717544510701126,6.326345431789737,0.4188023590389579,-0.027603280127569397,test
7.824780976220275,6.806092398812712,6.336107634543179,0.419397660261921,0.05058710400761202,train
7.839799749687109,6.641718708583974,6.345869837296621,0.4196031437351563,-0.12375427244780374,train
7.854818523153942,7.026950611048591,6.355632040050063,0.4194467913199559,0.2518717796785718,train
7.8698372966207755,6.665462634322175,6.365394242803505,0.41895689542703396,-0.1188885039083641,test
7.88485607008761,6.85055924788326,6.3751564455569465,0.41816196770323627,0.05724083462307711,train
7.899874843554443,6.777529394267753,6.384918648310388,0.41709064758536896,-0.024479901628005032,train
7.914893617021276,6.81816421880153,6.394680851063829,0.4157716109706369,0.007711756767063526,train
7.92991239048811,6.7945711213448075,6.404443053817272,0.4142334792525903,-0.024105411725054697,test
7.944931163954943,7.078925480473201,6.414205256570713,0.41250472897021506,0.25221549493227213,train
7.959949937421777,6.94228147842461,6.423967459324155,0.41061360231590294,0.10770041678455224,train
7.974968710888611,7.111319705297712,6.433729662077597,0.40858801874547984,0.26900202447463534,train
7.989987484355444,7.0912449860976405,6.443491864831039,0.4064554879302771,0.24129763333632467,test
8.005006257822277,6.620436970793368,6.4532540675844805,0.40424302428740155,-0.23706012107851435,train
8.02002503128911,6.736953854782509,6.463016270337922,0.40197706331991734,-0.12803947887532954,train
8.035043804755945,6.9151826916328965,6.472778473091365,0.39968337999359094,0.04272083854794093,train
8.050062578222779,7.094213164241019,6.482540675844806,0.3973870093711971,0.21428547902501568,test
8.065081351689612,6.879189362658162,6.492302878598248,0.3951121697191445,-0.008225685659230347,train
8.080100125156445,7.130843683768352,6.50206508135169,0.39288218829438937,0.23589641412227305,train
8.095118898623278,6.746535054382946,6.511827284105131,0.39071943001224374,-0.15601165973442796,train
8.110137672090113,6.7991832256458995,6.5215894868585735,0.38864522918782074,-0.11105149040049497,test
8.125156445556946,6.893108135421279,6.531351689612015,0.38667982453547034,-0.02492337872620644,train
8.14017521902378,6.968436951147313,6.541113892365457,0.3848422976016934,0.04248076118016296,train
8.155193992490613,7.026485756647263,6.550876095118898,0.3831505147976981,0.09245914673066648,train
8.170212765957446,6.827046383288915,6.56063829787234,0.3816210731879893,-0.11521298777141387,test
8.18523153942428,7.244039119914679,6.570400500625782,0.3802692501812104,0.2933693691076872,train
8.200250312891114,6.968211421791557,6.580162703379225,0.37910895725889465,0.008939761153438114,train
8.215269086357948,6.918413450519153,6.589924906132667,0.3781526978668689,-0.04966415348038278,train
8.23028785982478,6.947215708718436,6.5996871088861075,0.3774115295827974,-0.029882929750469116,test
8.245306633291614,7.2288437575284314,6.609449311639549,0.37689503066182506,0.24249941522705654,train
8.260325406758447,7.044378982845788,6.619211514392991,0.3766112710504521,0.04855619740234454,train
8.27534418022528,7.020659669804439,6.628973717146432,0.37656678794673637,0.015119164711270049,train
8.290362953692116,6.7973539182949825,6.638735919899875,0.3767665659726578,-0.21814856757755063,test
8.305381727158949,6.640737835422698,6.648498122653317,0.3772140220120562,-0.38497430924267534,train
8.320400500625782,6.935733908848473,6.658260325406759,0.3779109947549863,-0.10043741131327219,train
8.335419274092615,6.9561443721404705,6.6680225281602,0.37885773897665936,-0.09073589499638873,train
8.350438047559448,6.958897198548653,6.6777847309136416,0.3800529245663928,-0.09894045693138066,test
8.365456821026283,6.985252772222179,6.687546933667084,0.3814936403091982,-0.08378780175410387,train
8.380475594493117,6.84201454687287,6.697309136420526,0.38317540240984493,-0.23846999195750057,train
8.39549436795995,7.157039934819654,6.707071339173968,0.38509216773646815,0.06487642790921769,train
8.410513141426783,6.846734134490026,6.716833541927409,0.38723635174807663,-0.25733575918545964,test
8.425531914893616,7.168282271304294,6.726595744680851,0.38959885105770525,0.05208767556573766,train
8.44055068836045,7.199976956560713,6.736357947434293,0.39216907057046657,0.07144993855595315,train
8.455569461827285,7.091371284587316,6.7461201501877355,0.39493495512342824,-0.04968382072384821,train
8.470588235294118,6.894484823869845,6.7558823529411764,0.39788302554210175,-0.25928055461343374,test
8.485607008760951,7.150792025449227,6.765644555694618,0.4009984190164282,-0.01585094926181969,train
8.500625782227784,7.046678187680889,6.77540675844806,0.40426493368746713,-0.1329935044546389,train
8.515644555694617,7.247496469541006,6.785168961201501,0.4076650773246462,0.05466243101485909,train
8.530663329161452,7.026991425764387,6.794931163954944,0.4111801199623591,-0.17911985815291603,test
8.545682102628286,7.540478171571981,6.804693366708386,0.4147901503539898,0.32099465450960524,train
8.560700876095119,7.252634998292178,6.814455569461828,0.4184741360911126,0.019705292739238232,train
8.575719649561952,7.084551257033483,6.8242177722152695,0.4222099872256638,-0.16187650240745016,train
8.590738423028785,7.153077111103004,6.8339799749687105,0.4259746232233853,-0.10687748708909194,test
8.605757196495619,7.288600367233719,6.843742177722152,0.4297440430677709,0.015114146443795183,train
8.620775969962454,7.248801504551585,6.853504380475595,0.43349339832516626,-0.03819627424917598,train
8.635794743429287,7.297110268761398,6.863266583229037,0.43719706897357963,-0.0033533834412186932,train
8.65081351689612,7.2453753120372,6.873028785982478,0.4408287417902097,-0.06848221573548799,test
8.665832290362953,7.42388447222146,6.88279098873592,0.4443614910856444,0.09673199239989631,train
8.680851063829786,7.240858193174841,6.892553191489362,0.4477678615662378,-0.09946285988075818,train
8.69586983729662,7.417818951762558,6.902315394242803,0.45101995310026183,0.06448360441949368,train
8.710888610763455,7.462868116287533,6.912077596996245,0.4540895071581288,0.09670101213315872,test
8.725907384230288,7.295664111738991,6.921839799749687,0.45694799469228314,-0.08312368270297897,train
8.740926157697121,7.431986576349815,6.931602002503129,0.45956670521827514,0.040817868628410615,train
8.755944931163954,7.638687730633657,6.941364205256571,0.4619168368550697,0.23540668852201685,train
8.770963704630788,7.553753210628354,6.951126408010012,0.46396958707983177,0.13865721553851115,test
8.785982478097623,7.262625638636125,6.960888610763455,0.465696243950254,-0.16395921607758338,train
8.801001251564456,7.432193232688133,6.9706508135168965,0.4670682775459632,-0.0055258583747274615,train
8.816020025031289,7.786888441989848,6.980413016270338,0.4680574313796835,0.3384179943398255,train
8.831038798498122,7.575578376457225,6.990175219023779,0.4686358135286119,0.11676734390483402,test
8.846057571964955,7.5468182754651,6.999937421777221,0.4687759872369185,0.07810486645095942,train
8.861076345431789,7.331769071561071,7.009699624530663,0.46845106074137605,-0.14638161371096842,train
8.876095118898624,7.647876319720407,7.019461827284106,0.46763477607389115,0.1607797163624097,train
8.891113892365457,7.240086645928791,7.029224030037547,0.46630159659711007,-0.2554389807058653,test
8.90613266583229,7.426450322643644,7.038986232790989,0.46442679303232537,-0.0769627031796703,train
8.921151439299123,7.354415448169417,7.0487484355444305,0.461986527742593,-0.15631951511760686,train
8.936170212765957,7.227646801207477,7.058510638297872,0.4589579370382909,-0.28982177412868615,train
8.951188986232792,7.439600814439831,7.068272841051315,0.45531921127726765,-0.08399123788875197,test
8.966207759699625,7.554128672177876,7.078035043804756,0.451049672537272,0.02504395583584808,train
8.981226533166458,7.670027080797323,7.087797246558198,0.44612984964446245,0.13609998459466213,train
8.996245306633291,7.484615503831387,7.09755944931164,0.44054155034849635,-0.05348549582874875,train
9.011264080100124,7.39923434621019,7.107321652065081,0.43426793044194567,-0.1423552362968363,test
9.026282853566958,7.30592538371143,7.117083854818523,0.4272935596295656,-0.23845203073665816,train
9.041301627033793,7.754277614371957,7.126846057571965,0.4196044839612382,0.20782707283875346,train
9.056320400500626,7.512169529146903,7.136608260325407,0.4111882846512309,-0.03562701582973455,train
9.07133917396746,7.515943912088354,7.146370463078848,0.4020341331156349,-0.032460684106128304,test
9.086357947434292,7.793320236448352,7.15613266583229,0.3921328420696181,0.24505472854644392,train
9.101376720901126,7.374636822521681,7.165894868585732,0.38147691253620597,-0.17273495860025706,train
9.116395494367959,7.341561048808972,7.175657071339174,0.37006057662888936,-0.20415659915909026,train
9.131414267834794,7.678539403161221,7.185419274092617,0.3578798359812226,0.13524029308738142,test
9.146433041301627,7.017397465706918,7.195181476846058,0.3449324957078487,-0.5227165068469887,train
9.16145181476846,7.594130122448314,7.204943679599499,0.3312181937929079,0.057968249055907306,train
9.176470588235293,7.5605835892200846,7.214705882352941,0.31673842581365985,0.02913928105348344,train
9.191489361702127,7.367183113109427,7.224468085106382,0.30149656491921395,-0.15878153691616897,test
9.206508135168962,7.542833055943879,7.234230287859825,0.28549787699657153,0.02310489108748195,train
9.221526908635795,7.73766409276378,7.243992490613267,0.2687495309686765,0.22492207118183682,train
9.236545682102628,7.415619262247642,7.253754693366709,0.2512606041818077,-0.08939603530087485,train
9.251564455569461,7.813430183769984,7.26351689612015,0.23304208285245112,0.3168712047973834,test
9.266583229036295,7.429576981205965,7.273279098873592,0.21410685755660325,-0.057808975224229536,train
9.281602002503128,7.0904857320034145,7.2830413016270334,0.19446971375737632,-0.3870252833809958,train
9.296620775969963,7.3391044931943705,7.292803504380476,0.17414731737974243,-0.12784632856584827,train
9.311639549436796,7.732598106001688,7.302565707133918,0.15315819545414594,0.2768742034136238,test
9.32665832290363,7.361280224834924,7.312327909887359,0.13152271186355305,-0.08257039691598893,train
9.341677096370463,7.7591821395476135,7.322090112640801,0.10926303824140675,0.3278289886654057,train
9.356695869837296,7.5250405802898666,7.331852315394243,0.08640312008049911,0.10678514481512454,train
9.37171464330413,7.355523616061568,7.3416145181476855,0.06296863812542346,-0.04905954021154074,test
9.386733416770964,7.381640498789417,7.3513767209011265,0.03898696513356779,-0.008723187245277852,train
9.401752190237797,7.2724471248103,7.361138923654568,0.01448711810173416,-0.10317891694600206,train
9.41677096370463,7.3329371044378355,7.37090112640801,-0.010500293932563267,-0.027463728037611886,train
9.431789737171464,7.263281290827835,7.380663329161451,-0.03594312639449229,-0.08143891193912389,test
9.446808510638297,7.405368612866899,7.390425531914893,-0.061807759848031524,0.0767508408000372,train
9.461827284105132,7.52785992223553,7.400187734668336,-0.08805916470187851,0.21573135226907222,train
9.476846057571965,7.060734591837145,7.409949937421778,-0.11466096979153986,-0.2345543757930928,train
9.491864831038798,7.396955996682217,7.4197121401752195,-0.14157553467382342,0.11881939118082062,test
9.506883604505632,7.418998049299878,7.4294743429286605,-0.168764025460084,0.15828773183130154,train
9.521902377972465,7.4586987252089685,7.439236545682102,-0.19618649400519442,0.21564867353205988,train
9.536921151439298,7.096749848179144,7.448998748435544,-0.22380196026036323,-0.12844693999603704,train
9.551939924906133,6.939465032926734,7.458760951188987,-0.25156849758945327,-0.2677274206728002,test
9.566958698372966,7.104572870107667,7.468523153942428,-0.27944332084054596,-0.0845069629942153,train
9.5819774718398,7.291617376736119,7.47828535669587,-0.3073828769572066,0.12071489699745619,train
9.596996245306633,7.3365965647507565,7.488047559449312,-0.33534293790695385,0.18389194320839852,train
9.612015018773466,7.180083854212405,7.497809762202753,-0.3632786956983,0.04555278770795186,test
9.6270337922403,6.8840227131408085,7.507571964956195,-0.3911448592520749,-0.23240439256331227,train
9.642052565707134,6.947134095385223,7.517334167709637,-0.4188957528875503,-0.15130431943686315,train
9.657071339173967,6.96388188649787,7.527096370463079,-0.4464854161796575,-0.11672906778555124,train
9.6720901126408,7.074668510988056,7.536858573216521,-0.4738677049395543,0.011677642711089772,test
9.687108886107634,7.045112997184032,7.546620775969962,-0.5009963930677899,-0.0005113857181408994,train
9.702127659574467,7.044681220130554,7.556382978723404,-0.5278252750266957,0.01612351643384625,train
9.717146433041302,7.191979132466125,7.566145181476847,-0.554308268676765,0.1801422196660434,train
9.732165206508135,7.1513341473587735,7.575907384230288,-0.5803995182206023,0.1558262813490878,test
9.747183979974968,6.667662648914223,7.585669586983729,-0.6060534969974178,-0.31195344107208894,train
9.762202753441802,6.792273339312189,7.595431789737171,-0.6312251098711416,-0.1719333405538411,train
9.777221526908635,6.6065929278320015,7.605193992490613,-0.6558697949560507,-0.3427312697025614,train
9.79224030037547,6.929495910211679,7.614956195244056,-0.679943624425177,-0.0055166606072001925,test
9.807259073842303,6.753293920746303,7.624718397997497,-0.703403404148847,-0.16802107310234665,train
9.822277847309136,6.860327815653968,7.634480600750939,-0.7262067719135062,-0.047946013183464836,train
9.83729662077597,6.497073079364188,7.644242803504381,-0.7483122939742474,-0.3988574301659447,train
9.852315394242803,6.9331504466110925,7.654005006257822,-0.7696795596985673,0.04882500005183738,test
9.867334167709636,6.959093100414734,7.663767209011263,-0.7902692740635249,0.08559516546699514,train
9.882352941176471,7.060018784673716,7.673529411764706,-0.8100433477736374,0.19653272068264718,train
9.897371714643304,6.528875274823214,7.683291614518148,-0.828964984772801,-0.3254513549221325,train
9.912390488110137,6.675507056113265,7.69305381727159,-0.8469987669299562,-0.17054799422836853,test
9.92740926157697,6.773993482859013,7.702816020025031,-0.864110735685154,-0.06471180148086352,train
9.942428035043804,6.754915967100087,7.712578222778473,-0.8802684704503413,-0.07739378522804546,train
9.957446808510637,6.872885909617172,7.722340425531915,-0.8954411635672168,0.045986647652474,train
9.972465581977472,6.70572573853191,7.732102628285357,-0.9095996916331271,-0.11677719812032109,test
9.987484355444305,6.608042730314763,7.741864831038798,-0.9227166830150902,-0.21110541770894597,train
10.002503128911139,6.883256368708357,7.75162703379224,-0.9347665813815643,0.06639591629768149,train
10.017521902377972,6.504067174671782,7.761389236545682,-0.9457257050915824,-0.31159635678231706,train
10.032540675844805,6.818319640511115,7.771151439299124,-0.955572302291317,0.002740503503307506,test
10.04755944931164,6.740232015531636,7.780913642052567,-0.964286601578909,-0.07639502494202165,train
10.062578222778473,6.915666568548479,7.790675844806008,-0.9718508581095698,0.09684158185204139,train
10.077596996245306,6.837782549129178,7.8004380475594495,-0.9782493950244747,0.015593896594203415,train
10.09261576971214,6.869823772430468,7.810200250312891,-0.9834686400987164,0.04309216221629362,test
10.107634543178973,6.380546001983943,7.819962453066332,-0.9874971575157159,-0.4519192935666737,train
10.122653316645806,6.999089407376594,7.829724655819774,-0.9903256746877303,0.1596904262445501,train
10.137672090112641,6.756286087130342,7.839486858573217,-0.9919471040546548,-0.09125366738822048,train
10.152690863579474,7.0285354568094895,7.849249061326659,-0.9923565598059814,0.17164295528881232,test
10.167709637046308,6.917531738531651,7.8590112640801,-0.9915513694836207,0.050071843935172264,train
10.18272841051314,7.167539362135314,7.868773466833542,-0.9895310804362168,0.28829697573798957,train
10.197747183979974,6.600910068667576,7.8785356695869835,-0.9862974611086234,-0.2913281398107834,train
10.212765957446809,6.927307032286038,7.888297872340426,-0.9818544971632474,0.0208636571088593,test
10.227784730913642,6.929756332500069,7.898060075093868,-0.9762083824430504,0.007904639849251107,train
10.242803504380475,6.98619367021995,7.907822277847309,-0.96936750479902,0.047738897171660945,train
10.257822277847309,7.237625964138546,7.917584480600751,-0.9613424268179316,0.2813839103557272,train
10.272841051314142,7.00460615899733,7.927346683354193,-0.9521458614990876,0.02940533714222459,test
10.287859824780975,6.97080557400957,7.937108886107634,-0.9417926429414984,-0.02451066915656545,train
10.30287859824781,6.858593048365156,7.9468710888610765,-0.9302996921155672,-0.1579783483803526,train
10.317897371714643,7.129998440847144,7.956633291614518,-0.9176859778057702,0.09105112703839632,train
10.332916145181477,7.16537856047957,7.96639549436796,-0.9039724728229764,0.10295553893458617,test
10.34793491864831,7.054665362790846,7.976157697121401,-0.8891821055970478,-0.032310228733507085,train
10.362953692115143,7.057364221608655,7.985919899874843,-0.873339707271929,-0.05521597099425971,train
10.377972465581976,6.9480583319216045,7.995682102628285,-0.8564719544368533,-0.19115181626982763,train
10.392991239048811,7.298976686539351,8.005444305381728,-0.8386073076382067,0.13213968879583038,test
10.408010012515645,7.185263814382819,8.015206508135169,-0.819775945827261,-0.010166747925088752,train
10.423028785982478,7.513572087160265,8.024968710888611,-0.8000096969091366,0.2886130731807905,train
10.438047559449311,7.650270667994129,8.034730913642052,-0.7793419645682206,0.394881718920297,train
10.453066332916144,7.41590183109898,8.044493116395493,-0.7578076515545348,0.1292163662580204,test
10.46808510638298,7.2773233628194856,8.054255319148936,-0.7354430796243941,-0.041488876705056646,train
10.483103879849812,7.033623656659459,8.064017521902379,-0.7122859063371442,-0.3181079589057755,train
10.498122653316646,7.476282058014687,8.07377972465582,-0.6883750389174512,0.09087737227631813,train
10.513141426783479,7.167387546175222,8.08354192740926,-0.6637505454000708,-0.2524038358339671,test
10.528160200250312,7.440353969182534,8.093304130162704,-0.6384535632806223,-0.014496597699546789,train
10.543178973717145,7.526931464933899,8.103066332916145,-0.6125262059021248,0.03639133791987909,train
10.55819774718398,7.412038568505716,8.112828535669587,-0.5860114668125808,-0.11477850035129088,train
10.573216520650814,7.821896725259849,8.122590738423028,-0.5589531223338747,0.2582591091706952,test
10.588235294117647,7.596721892570379,8.132352941176471,-0.5313956325865287,-0.004235416019563191,train
10.60325406758448,7.587413673243011,8.142115143929912,-0.5033840412186203,-0.05131742946828095,train
10.618272841051313,7.517719201863046,8.151877346683353,-0.4749638740902162,-0.15919427073009096,train
10.633291614518148,7.406943582298297,8.161639549436796,-0.4461810371670394,-0.3085149299714595,test
10.648310387984981,7.93843125206017,8.171401752190238,-0.41708171387892135,0.18411121374885273,train
10.663329161451815,8.062601621351515,8.18116395494368,-0.3877122621995787,0.2691499286074155,train
10.678347934918648,7.885717057842572,8.19092615769712,-0.35811911170483846,0.05291001185029004,train
10.693366708385481,7.919939093686319,8.200688360450563,-0.3283486608660623,0.047599394101818425,test
10.708385481852314,7.654618473363305,8.210450563204004,-0.2984471748347415,-0.2573849150059573,train
10.72340425531915,7.888953136553092,8.220212765957447,-0.268460683972573,-0.0627989454317816,train
10.738423028785983,8.00184334121568,8.229974968710888,-0.2384348833792932,0.010303255884085323,train
10.753441802252816,8.182858402191766,8.23973717146433,-0.208415033667468,0.15153626439490184,test
10.768460575719649,8.190917783695664,8.249499374217773,-0.1784458632301691,0.11986427270806077,train
10.783479349186482,8.092942413120802,8.259261576971213,-0.1485714722431691,-0.017747691607239935,train
10.798498122653315,8.113717910500213,8.269023779724655,-0.11883523863862316,-0.03647063058581927,train
10.81351689612015,8.08806318806056,8.278785982478098,-0.08927972628184414,-0.10144306813569495,test
10.828535669586984,8.465213515620203,8.28854818523154,-0.059946595576771206,0.23661192596543418,train
10.843554443053817,8.189484264942983,8.29831038798498,-0.030876516719256453,-0.07794960632273905,train
10.85857321652065,8.52131858220019,8.308072590738423,-0.002109085810200584,0.21535507727196665,train
10.873591989987483,8.38220849217496,8.317834793491865,0.026317255967126293,0.03805644271597009,test
10.888610763454318,8.379287150442151,8.327596996245308,0.05436529990935317,-0.0026751457125097186,train
10.903629536921152,8.027018204319344,8.337359198998747,0.08199914390729716,-0.3923401385867005,train
10.918648310387985,8.410169825858182,8.34712140175219,0.10918426293392915,-0.0461358388279388,train
10.933667083854818,8.203377248718326,8.356883604505633,0.13588757573713334,-0.2893939315244401,test
10.948685857321651,8.459534382903819,8.366645807259074,0.1620775075785219,-0.06918893193377645,train
10.963704630788484,8.526022578768625,8.376408010012515,0.1877240488699899,-0.03810948011388057,train
10.97872340425532,8.226239397073844,8.386170212765958,0.21279880957041,-0.372729625262524,train
10.993742177722153,8.866104919658044,8.3959324155194,0.2372750692161249,0.23289743492251952,test
11.008760951188986,8.775080781105736,8.405694618272841,0.2611278224703655,0.10825834036252818,train
11.02377972465582,8.3617408241724,8.415456821026282,0.28433382008839975,-0.33804981694228164,train
11.038798498122652,8.782606584585219,8.425219023779725,0.3068716052073554,0.050515955598137846,train
11.053817271589487,8.572916196367526,8.434981226533168,0.32872154488184446,-0.1907865750474855,test
11.06883604505632,8.89436075319844,8.444743429286609,0.34986585679897386,0.09975146711285596,train
11.083854818523154,8.749692791528217,8.45450563204005,0.3702886311189747,-0.07510147163080821,train
11.098873591989987,8.990973981927933,8.464267834793493,0.3899758474003786,0.13673029973406195,train
11.11389236545682,8.97362807145171,8.474030037546934,0.4089153865815143,0.09068264732326273,test
11.128911138923653,8.981092103913817,8.483792240300374,0.4270970380030339,0.07020282561040932,train
11.143929912390488,8.886531175919613,8.493554443053817,0.4445125014690729,-0.05153576860327598,train
11.158948685857322,8.932551065798522,8.50331664580726,0.4611553843575733,-0.0319209643663111,train
11.173967459324155,8.852189594614828,8.513078848560701,0.47702119380323993,-0.13791044774911315,test
11.188986232790988,9.100736900962113,8.522841051314142,0.49210732398931334,0.0857885256586582,train
11.204005006257821,9.166702079100851,8.532603254067585,0.5064130385971901,0.1276857864360769,train
11.219023779724655,9.317361916968053,8.542365456821026,0.5199394484753654,0.2550570116716617,train
11.23404255319149,8.863345090461237,8.552127659574468,0.5326894846016701,-0.22147205371490178,test
11.249061326658323,9.320983356274617,8.56188986232791,0.5446678664249192,0.2144256275217869,train
11.264080100125156,9.140312065500737,8.571652065081352,0.5558810656841022,0.012778934735281727,train
11.27909887359199,8.660515843332904,8.581414267834793,0.5663372658148838,-0.4872356903167727,train
11.294117647058822,9.43247332616699,8.591176470588234,0.5760463170646479,0.26525053851410746,test
11.309136420525657,9.270666060584494,8.600938673341677,0.585019687448358,0.08470769979445858,train
11.32415519399249,9.417571612993846,8.61070087609512,0.5932704096882472,0.21360032721048017,train
11.339173967459324,8.974062728302904,8.62046307884856,0.6008130242906844,-0.24721337483634084,train
11.354192740926157,9.42257254130903,8.630225281602002,0.6076635189234858,0.18468374078354344,test
11.36921151439299,9.372102944202837,8.639987484355444,0.6138392642664566,0.11827619558093527,train
11.384230287859824,9.280606050308311,8.649749687108885,0.6193589465169658,0.01149741668245954,train
11.399249061326659,9.244914062823854,8.659511889862328,0.6242424967409148,-0.0388403237793874,train
11.414267834793492,9.163906327055365,8.669274092615769,0.6285110172675019,-0.13387878282790655,test
11.429286608260325,9.29907766789371,8.679036295369212,0.6321867053337207,-0.012145332809222798,train
11.444305381727158,9.755227005037819,8.688798498122653,0.6352927741914723,0.4311357327236946,train
11.459324155193992,9.386748613515529,8.698560700876094,0.6378533718966213,0.050334540742814245,train
11.474342928660827,9.297977988693425,8.708322903629536,0.6398934980051151,-0.050238412941226336,test
11.48936170212766,9.423014181593302,8.71808510638298,0.641438918406548,0.06349015680377446,train
11.504380475594493,9.576229847532415,8.727847309136422,0.6425160785301656,0.2058664598658278,train
11.519399249061326,9.603457538784617,8.737609511889861,0.6431520151622996,0.22269601173245504,train
11.53441802252816,9.534475288367732,8.747371714643304,0.6433742671176106,0.1437293066068162,test
11.549436795994993,9.743214843523356,8.757133917396747,0.6432107850092386,0.3428701411173715,train
11.564455569461828,9.668192456823736,8.76689612015019,0.6426898403650438,0.2586064963085031,train
11.57947434292866,9.811307051569443,8.776658322903629,0.6418399343385626,0.39280879432725146,train
11.594493116395494,9.217616272554313,8.786420525657071,0.6406897062640686,-0.20949395936682813,test
11.609511889862327,9.2625762445669,8.796182728410514,0.6392678423052597,-0.17287432614887513,train
11.62453066332916,9.061467158542035,8.805944931163953,0.6376029844465414,-0.3820807570684594,train
11.639549436795996,9.234022836743492,8.815707133917396,0.635723640074694,-0.2174079372485986,train
11.654568210262829,9.805837742522463,8.825469336670839,0.6336580923968551,0.34671031345476966,test
11.669586983729662,9.11787089626719,8.835231539424282,0.6314343119382563,-0.34879495509534836,train
11.684605757196495,9.572124486387294,8.844993742177722,0.6290798693600199,0.09805087484955176,train
11.699624530663328,9.18529401955485,8.854755944931163,0.6266218498335471,-0.2960837752098617,train
11.714643304130162,9.379436166401131,8.864518147684606,0.6240867692036404,-0.10916875048711411,test
11.729662077596997,9.394703409793765,8.874280350438049,0.6215004921675026,-0.10107743281178631,train
11.74468085106383,9.732784359576605,8.88404255319149,0.6188881526911492,0.22985365369396715,train
11.759699624530663,9.43634953647953,8.893804755944931,0.616274076878588,-0.07372929634398942,train
11.774718397997496,9.453728701905566,8.903566958698374,0.6136817085023802,-0.06351996529518693,test
11.78973717146433,9.765077510343648,8.913329161451815,0.6111335373968809,0.2406148114949523,train
11.804755944931163,9.463232567892126,8.923091364205256,0.6086510309076483,-0.0685098272207778,train
11.819774718397998,9.566759597628804,8.932853566958698,0.6062545685821531,0.027651462087952664,train
11.834793491864831,9.640569349499604,8.942615769712141,0.603963380278121,0.0939901995093422,test
11.849812265331664,9.480585962211943,8.952377972465582,0.6017954878565267,-0.07358749811016417,train
11.864831038798497,9.686183174594134,8.962140175219023,0.5997676506165536,0.1242753487585574,train
11.87984981226533,9.437253102606789,8.971902377972466,0.5978953146196819,-0.13254458998536017,train
11.894868585732166,9.36162439376281,8.981664580725909,0.596192566039542,-0.21623275300264186,test
11.909887359198999,9.638704935862442,8.99142678347935,0.5946720886632879,0.05260606371980504,train
11.924906132665832,9.796398516437122,9.00118898623279,0.593345125659026,0.2018644045453054,train
11.939924906132665,9.824237585796475,9.010951188986233,0.5922214457123148,0.22106495109792645,train
11.954943679599499,9.55543677665961,9.020713391739674,0.591309313622972,-0.05658592870303575,test
11.969962453066332,9.433140165334857,9.030475594493115,0.5906154654413833,-0.187950894599642,train
11.984981226533167,9.738677987316692,9.040237797246558,0.5901450882112848,0.10829510185884862,train
12.0,9.740274657813321,9.05,0.5899018043735685,0.10037285343975225,train
